field_id,table_name,field_name,description,data_type,required_when,unit_or_allowed_values,collection_method,collection_frequency,responsible_role,acceptable_evidence,validation_rule,sensitivity_class,linked_metrics
farm.record_id,farm,record_id,Immutable unique row identifier,string,required,,system assigned,at creation,data system,system record,unique; immutable,program-confidential,
farm.farm_id,farm,farm_id,Program-issued farm/property identifier,string,required,,system lookup,each record,farm data steward,farm master record,must exist in farm table,program-confidential,M01
farm.evidence_ids,farm,evidence_ids,Pipe-delimited evidence IDs supporting row,list,required when evidence is specified,,evidence register linkage,each record,farm data steward,evidence register,every ID must exist,program-confidential,
farm.data_status,farm,data_status,Status of value/record,enum,required,observed|measured|estimated|unknown|not_collected|not_applicable,,each record,submitter,record metadata,estimated requires method; unknown cannot be zero,program-confidential,
farm.qa_status,farm,qa_status,Review state,enum,required,submitted|automated_check_passed|reviewed|verified|rejected,,each review,reviewer,review log,verified only by authorized reviewer,program-confidential,
farm.farm_name,farm,farm_name,Farm name,text,required,,onboarding records,onboarding/on change,farm data steward,official record or verified program record,domain/type and evidence check,program-confidential,M01|M04
farm.car_number,farm,car_number,CAR/SICAR identifier,string,required where legally applicable,,onboarding records,onboarding/on change,farm data steward,official record or verified program record,domain/type and evidence check,program-confidential,M01|M04
farm.operator_type,farm,operator_type,Producer organization type,enum,required,individual|company|cooperative|group_member|other,onboarding records,onboarding/on change,farm data steward,official record or verified program record,domain/type and evidence check,program-confidential,M01|M04
farm.municipality_code,farm,municipality_code,IBGE municipality code,string,required,,onboarding records,onboarding/on change,farm data steward,official record or verified program record,domain/type and evidence check,program-confidential,M01|M04
farm.state_code,farm,state_code,Brazil state abbreviation,enum,required,AC|AL|AP|AM|BA|CE|DF|ES|GO|MA|MT|MS|MG|PA|PB|PR|PE|PI|RJ|RN|RS|RO|RR|SC|SP|SE|TO,onboarding records,onboarding/on change,farm data steward,official record or verified program record,domain/type and evidence check,program-confidential,M01|M04
farm.biome_primary,farm,biome_primary,Primary biome by property area,enum,required,Amazon|Cerrado|Atlantic Forest|Caatinga|Pantanal|Pampa,onboarding records,onboarding/on change,farm data steward,official record or verified program record,domain/type and evidence check,program-confidential,M01|M04
farm.total_property_area_ha,farm,total_property_area_ha,Validated total property area,decimal,required,ha,onboarding records,onboarding/on change,farm data steward,official record or verified program record,domain/type and evidence check,program-confidential,M01|M04
farm.tenure_status,farm,tenure_status,Farm operator tenure/use-right status,enum,required,owner|lease|concession|collective|other|disputed,onboarding records,onboarding/on change,farm data steward,official record or verified program record,domain/type and evidence check,program-confidential,M01|M04
farm.rights_evidence_status,farm,rights_evidence_status,Status of documented land-use rights,enum,required,verified|pending|missing|disputed,onboarding records,onboarding/on change,farm data steward,official record or verified program record,domain/type and evidence check,program-confidential,M01|M04
farm.smallholder_or_group_flag,farm,smallholder_or_group_flag,Program-defined smallholder/group support flag,boolean,required,true|false,onboarding records,onboarding/on change,farm data steward,official record or verified program record,domain/type and evidence check,program-confidential,M01|M04
farm.active_status,farm,active_status,Farm enrollment status,enum,required,active|suspended|withdrawn,onboarding records,onboarding/on change,farm data steward,official record or verified program record,domain/type and evidence check,program-confidential,M01|M04
reporting_period.record_id,reporting_period,record_id,Immutable unique row identifier,string,required,,system assigned,at creation,data system,system record,unique; immutable,program-confidential,
reporting_period.farm_id,reporting_period,farm_id,Program-issued farm/property identifier,string,required,,system lookup,each record,farm data steward,farm master record,must exist in farm table,program-confidential,M01
reporting_period.evidence_ids,reporting_period,evidence_ids,Pipe-delimited evidence IDs supporting row,list,required when evidence is specified,,evidence register linkage,each record,farm data steward,evidence register,every ID must exist,program-confidential,
reporting_period.data_status,reporting_period,data_status,Status of value/record,enum,required,observed|measured|estimated|unknown|not_collected|not_applicable,,each record,submitter,record metadata,estimated requires method; unknown cannot be zero,program-confidential,
reporting_period.qa_status,reporting_period,qa_status,Review state,enum,required,submitted|automated_check_passed|reviewed|verified|rejected,,each review,reviewer,review log,verified only by authorized reviewer,program-confidential,
reporting_period.reporting_period_id,reporting_period,reporting_period_id,Unique reporting period ID,string,required,,program/farm annual record,annual,farm data steward,signed submission and program record,end >= start; cutoff fixed unless approved,program-confidential,M01|M02|M03|M04|M05|M06
reporting_period.period_start_date,reporting_period,period_start_date,Reporting period start,date,required,YYYY-MM-DD,program/farm annual record,annual,farm data steward,signed submission and program record,end >= start; cutoff fixed unless approved,program-confidential,M01|M02|M03|M04|M05|M06
reporting_period.period_end_date,reporting_period,period_end_date,Reporting period end,date,required,YYYY-MM-DD,program/farm annual record,annual,farm data steward,signed submission and program record,end >= start; cutoff fixed unless approved,program-confidential,M01|M02|M03|M04|M05|M06
reporting_period.submission_date,reporting_period,submission_date,Farm submission date,date,required,YYYY-MM-DD,program/farm annual record,annual,farm data steward,signed submission and program record,end >= start; cutoff fixed unless approved,program-confidential,M01|M02|M03|M04|M05|M06
reporting_period.applicable_cutoff_date,reporting_period,applicable_cutoff_date,Strictest conversion cutoff applied,date,required,YYYY-MM-DD,program/farm annual record,annual,farm data steward,signed submission and program record,end >= start; cutoff fixed unless approved,program-confidential,M01|M02|M03|M04|M05|M06
reporting_period.safeguard_attestation_signed,reporting_period,safeguard_attestation_signed,Authorized annual safeguard attestation,boolean,required,true|false,program/farm annual record,annual,farm data steward,signed submission and program record,end >= start; cutoff fixed unless approved,program-confidential,M01|M02|M03|M04|M05|M06
reporting_period.open_corrective_actions_count,reporting_period,open_corrective_actions_count,Open program corrective actions,integer,required,count,program/farm annual record,annual,farm data steward,signed submission and program record,end >= start; cutoff fixed unless approved,program-confidential,M01|M02|M03|M04|M05|M06
geometry.record_id,geometry,record_id,Immutable unique row identifier,string,required,,system assigned,at creation,data system,system record,unique; immutable,program-confidential,
geometry.farm_id,geometry,farm_id,Program-issued farm/property identifier,string,required,,system lookup,each record,farm data steward,farm master record,must exist in farm table,program-confidential,M01
geometry.evidence_ids,geometry,evidence_ids,Pipe-delimited evidence IDs supporting row,list,required when evidence is specified,,evidence register linkage,each record,farm data steward,evidence register,every ID must exist,program-confidential,
geometry.data_status,geometry,data_status,Status of value/record,enum,required,observed|measured|estimated|unknown|not_collected|not_applicable,,each record,submitter,record metadata,estimated requires method; unknown cannot be zero,program-confidential,
geometry.qa_status,geometry,qa_status,Review state,enum,required,submitted|automated_check_passed|reviewed|verified|rejected,,each review,reviewer,review log,verified only by authorized reviewer,program-confidential,
geometry.geometry_id,geometry,geometry_id,Unique spatial object ID,string,required,,GIS submission/review,onboarding/on change,GIS analyst,geometry file and validation report,valid CRS/geometry; topology fail rejected,restricted ecological,M01|M02|M03|M07|M09|M14
geometry.geometry_type,geometry,geometry_type,Spatial feature type,enum,required,property|field|habitat|water_source|sample_point|incident,GIS submission/review,onboarding/on change,GIS analyst,geometry file and validation report,valid CRS/geometry; topology fail rejected,restricted ecological,M01|M02|M03|M07|M09|M14
geometry.geometry_file_uri,geometry,geometry_file_uri,Immutable link/path to submitted geometry,uri,required,,GIS submission/review,onboarding/on change,GIS analyst,geometry file and validation report,valid CRS/geometry; topology fail rejected,restricted ecological,M01|M02|M03|M07|M09|M14
geometry.geometry_version,geometry,geometry_version,Boundary/geometry version,string,required,,GIS submission/review,onboarding/on change,GIS analyst,geometry file and validation report,valid CRS/geometry; topology fail rejected,restricted ecological,M01|M02|M03|M07|M09|M14
geometry.crs_epsg,geometry,crs_epsg,Coordinate reference system EPSG code,integer,required,EPSG code,GIS submission/review,onboarding/on change,GIS analyst,geometry file and validation report,valid CRS/geometry; topology fail rejected,restricted ecological,M01|M02|M03|M07|M09|M14
geometry.capture_date,geometry,capture_date,Geometry source/capture date,date,required,YYYY-MM-DD,GIS submission/review,onboarding/on change,GIS analyst,geometry file and validation report,valid CRS/geometry; topology fail rejected,restricted ecological,M01|M02|M03|M07|M09|M14
geometry.source_method,geometry,source_method,Geometry creation method,enum,required,survey|GNSS|digitized_imagery|official_layer|other,GIS submission/review,onboarding/on change,GIS analyst,geometry file and validation report,valid CRS/geometry; topology fail rejected,restricted ecological,M01|M02|M03|M07|M09|M14
geometry.positional_accuracy_m,geometry,positional_accuracy_m,Estimated horizontal positional accuracy,decimal,required,m,GIS submission/review,onboarding/on change,GIS analyst,geometry file and validation report,valid CRS/geometry; topology fail rejected,restricted ecological,M01|M02|M03|M07|M09|M14
geometry.area_ha,geometry,area_ha,Calculated polygon area where applicable,decimal,required for polygon,ha,GIS submission/review,onboarding/on change,GIS analyst,geometry file and validation report,valid CRS/geometry; topology fail rejected,restricted ecological,M01|M02|M03|M07|M09|M14
geometry.topology_status,geometry,topology_status,Automated topology result,enum,required,pass|warning|fail,GIS submission/review,onboarding/on change,GIS analyst,geometry file and validation report,valid CRS/geometry; topology fail rejected,restricted ecological,M01|M02|M03|M07|M09|M14
geometry.validation_status,geometry,validation_status,Geometry review status,enum,required,validated|pending|rejected,GIS submission/review,onboarding/on change,GIS analyst,geometry file and validation report,valid CRS/geometry; topology fail rejected,restricted ecological,M01|M02|M03|M07|M09|M14
field.record_id,field,record_id,Immutable unique row identifier,string,required,,system assigned,at creation,data system,system record,unique; immutable,program-confidential,
field.farm_id,field,farm_id,Program-issued farm/property identifier,string,required,,system lookup,each record,farm data steward,farm master record,must exist in farm table,program-confidential,M01
field.evidence_ids,field,evidence_ids,Pipe-delimited evidence IDs supporting row,list,required when evidence is specified,,evidence register linkage,each record,farm data steward,evidence register,every ID must exist,program-confidential,
field.data_status,field,data_status,Status of value/record,enum,required,observed|measured|estimated|unknown|not_collected|not_applicable,,each record,submitter,record metadata,estimated requires method; unknown cannot be zero,program-confidential,
field.qa_status,field,qa_status,Review state,enum,required,submitted|automated_check_passed|reviewed|verified|rejected,,each review,reviewer,review log,verified only by authorized reviewer,program-confidential,
field.field_id,field,field_id,Stable management-field ID,string,required,,GIS and field assessment,onboarding/on change,farm data steward,validated GIS/field assessment,area reconciles to geometry; within property,program-confidential,M03|M06|M10|M11|M12
field.field_name,field,field_name,Farm-used field name/code,text,required,,GIS and field assessment,onboarding/on change,farm data steward,validated GIS/field assessment,area reconciles to geometry; within property,program-confidential,M03|M06|M10|M11|M12
field.geometry_id,field,geometry_id,Validated field polygon geometry ID,string,required,,GIS and field assessment,onboarding/on change,farm data steward,validated GIS/field assessment,area reconciles to geometry; within property,program-confidential,M03|M06|M10|M11|M12
field.field_area_ha,field,field_area_ha,Calculated field area,decimal,required,ha,GIS and field assessment,onboarding/on change,farm data steward,validated GIS/field assessment,area reconciles to geometry; within property,program-confidential,M03|M06|M10|M11|M12
field.slope_class,field,slope_class,Dominant slope class,enum,required,0-3|3-8|8-20|20-45|>45 percent,GIS and field assessment,onboarding/on change,farm data steward,validated GIS/field assessment,area reconciles to geometry; within property,program-confidential,M03|M06|M10|M11|M12
field.erosion_risk_class,field,erosion_risk_class,Approved erosion-risk assessment class,enum,required,low|medium|high|very_high,GIS and field assessment,onboarding/on change,farm data steward,validated GIS/field assessment,area reconciles to geometry; within property,program-confidential,M03|M06|M10|M11|M12
field.soil_mapping_unit,field,soil_mapping_unit,Available soil classification/mapping unit,text,optional,,GIS and field assessment,onboarding/on change,farm data steward,validated GIS/field assessment,area reconciles to geometry; within property,program-confidential,M03|M06|M10|M11|M12
field.adjacent_sensitive_feature_flag,field,adjacent_sensitive_feature_flag,Adjacent to habitat/water/community-sensitive feature,boolean,required,true|false,GIS and field assessment,onboarding/on change,farm data steward,validated GIS/field assessment,area reconciles to geometry; within property,program-confidential,M03|M06|M10|M11|M12
habitat_polygon.record_id,habitat_polygon,record_id,Immutable unique row identifier,string,required,,system assigned,at creation,data system,system record,unique; immutable,program-confidential,
habitat_polygon.farm_id,habitat_polygon,farm_id,Program-issued farm/property identifier,string,required,,system lookup,each record,farm data steward,farm master record,must exist in farm table,program-confidential,M01
habitat_polygon.evidence_ids,habitat_polygon,evidence_ids,Pipe-delimited evidence IDs supporting row,list,required when evidence is specified,,evidence register linkage,each record,farm data steward,evidence register,every ID must exist,program-confidential,
habitat_polygon.data_status,habitat_polygon,data_status,Status of value/record,enum,required,observed|measured|estimated|unknown|not_collected|not_applicable,,each record,submitter,record metadata,estimated requires method; unknown cannot be zero,program-confidential,
habitat_polygon.qa_status,habitat_polygon,qa_status,Review state,enum,required,submitted|automated_check_passed|reviewed|verified|rejected,,each review,reviewer,review log,verified only by authorized reviewer,program-confidential,
habitat_polygon.habitat_polygon_id,habitat_polygon,habitat_polygon_id,Stable native/semi-natural/restoration polygon ID,string,required,,GIS classification and farm plan,onboarding/on change,farm data steward,"GIS, official layer, management plan",within property; overlaps reconciled; class approved,restricted ecological,M03|M05|M07|M08|M09|M13|M14|M18
habitat_polygon.geometry_id,habitat_polygon,geometry_id,Validated habitat polygon geometry ID,string,required,,GIS classification and farm plan,onboarding/on change,farm data steward,"GIS, official layer, management plan",within property; overlaps reconciled; class approved,restricted ecological,M03|M05|M07|M08|M09|M13|M14|M18
habitat_polygon.ecosystem_class,habitat_polygon,ecosystem_class,Approved native/semi-natural ecosystem class,text,required,approved Brazil/biome legend,GIS classification and farm plan,onboarding/on change,farm data steward,"GIS, official layer, management plan",within property; overlaps reconciled; class approved,restricted ecological,M03|M05|M07|M08|M09|M13|M14|M18
habitat_polygon.management_class,habitat_polygon,management_class,Current management category,enum,required,native_intact|native_degraded|semi_natural|restoration|wetland|riparian|other,GIS classification and farm plan,onboarding/on change,farm data steward,"GIS, official layer, management plan",within property; overlaps reconciled; class approved,restricted ecological,M03|M05|M07|M08|M09|M13|M14|M18
habitat_polygon.legal_designations,habitat_polygon,legal_designations,Applicable overlapping legal designations,list,required,APP|Legal_Reserve|protected_area|wetland|none|other,GIS classification and farm plan,onboarding/on change,farm data steward,"GIS, official layer, management plan",within property; overlaps reconciled; class approved,restricted ecological,M03|M05|M07|M08|M09|M13|M14|M18
habitat_polygon.area_ha,habitat_polygon,area_ha,Calculated polygon area,decimal,required,ha,GIS classification and farm plan,onboarding/on change,farm data steward,"GIS, official layer, management plan",within property; overlaps reconciled; class approved,restricted ecological,M03|M05|M07|M08|M09|M13|M14|M18
habitat_polygon.reference_ecosystem,habitat_polygon,reference_ecosystem,Approved reference ecosystem/type,text,required for condition/restoration,,GIS classification and farm plan,onboarding/on change,farm data steward,"GIS, official layer, management plan",within property; overlaps reconciled; class approved,restricted ecological,M03|M05|M07|M08|M09|M13|M14|M18
habitat_polygon.priority_habitat_flag,habitat_polygon,priority_habitat_flag,Program/official priority habitat flag,boolean,required,true|false,GIS classification and farm plan,onboarding/on change,farm data steward,"GIS, official layer, management plan",within property; overlaps reconciled; class approved,restricted ecological,M03|M05|M07|M08|M09|M13|M14|M18
habitat_polygon.management_plan_id,habitat_polygon,management_plan_id,Linked habitat management plan/action set,string,required,,GIS classification and farm plan,onboarding/on change,farm data steward,"GIS, official layer, management plan",within property; overlaps reconciled; class approved,restricted ecological,M03|M05|M07|M08|M09|M13|M14|M18
water_source.record_id,water_source,record_id,Immutable unique row identifier,string,required,,system assigned,at creation,data system,system record,unique; immutable,program-confidential,
water_source.farm_id,water_source,farm_id,Program-issued farm/property identifier,string,required,,system lookup,each record,farm data steward,farm master record,must exist in farm table,program-confidential,M01
water_source.evidence_ids,water_source,evidence_ids,Pipe-delimited evidence IDs supporting row,list,required when evidence is specified,,evidence register linkage,each record,farm data steward,evidence register,every ID must exist,program-confidential,
water_source.data_status,water_source,data_status,Status of value/record,enum,required,observed|measured|estimated|unknown|not_collected|not_applicable,,each record,submitter,record metadata,estimated requires method; unknown cannot be zero,program-confidential,
water_source.qa_status,water_source,qa_status,Review state,enum,required,submitted|automated_check_passed|reviewed|verified|rejected,,each review,reviewer,review log,verified only by authorized reviewer,program-confidential,
water_source.water_source_id,water_source,water_source_id,Stable water-source/site ID,string,required,,farm record/GIS/official data,onboarding/annual/on change,farm data steward,"permit, GIS, risk source",permit status consistent; geometry valid,restricted ecological,M03|M09|M12|M15
water_source.geometry_id,water_source,geometry_id,Water-source geometry ID,string,required,,farm record/GIS/official data,onboarding/annual/on change,farm data steward,"permit, GIS, risk source",permit status consistent; geometry valid,restricted ecological,M03|M09|M12|M15
water_source.source_type,water_source,source_type,Water source type,enum,required,river|stream|spring|lake|wetland|reservoir|groundwater|municipal|other,farm record/GIS/official data,onboarding/annual/on change,farm data steward,"permit, GIS, risk source",permit status consistent; geometry valid,restricted ecological,M03|M09|M12|M15
water_source.use_types,water_source,use_types,Farm uses of source,list,required,irrigation|mixing|livestock|domestic|none|other,farm record/GIS/official data,onboarding/annual/on change,farm data steward,"permit, GIS, risk source",permit status consistent; geometry valid,restricted ecological,M03|M09|M12|M15
water_source.permit_required,water_source,permit_required,Whether authorization/permit is required,boolean,required,true|false,farm record/GIS/official data,onboarding/annual/on change,farm data steward,"permit, GIS, risk source",permit status consistent; geometry valid,restricted ecological,M03|M09|M12|M15
water_source.permit_status,water_source,permit_status,Permit status,enum,required when permit_required=true,valid|pending|expired|missing|not_applicable,farm record/GIS/official data,onboarding/annual/on change,farm data steward,"permit, GIS, risk source",permit status consistent; geometry valid,restricted ecological,M03|M09|M12|M15
water_source.metered_flag,water_source,metered_flag,Whether withdrawal is metered,boolean,required when withdrawal occurs,true|false,farm record/GIS/official data,onboarding/annual/on change,farm data steward,"permit, GIS, risk source",permit status consistent; geometry valid,restricted ecological,M03|M09|M12|M15
water_source.basin_risk_class,water_source,basin_risk_class,Approved basin/water-risk classification,enum,required,low|medium|high|unknown,farm record/GIS/official data,onboarding/annual/on change,farm data steward,"permit, GIS, risk source",permit status consistent; geometry valid,restricted ecological,M03|M09|M12|M15
water_source.sensitive_ecosystem_flag,water_source,sensitive_ecosystem_flag,Sensitive aquatic/wetland feature flag,boolean,required,true|false,farm record/GIS/official data,onboarding/annual/on change,farm data steward,"permit, GIS, risk source",permit status consistent; geometry valid,restricted ecological,M03|M09|M12|M15
sourcing_lot.record_id,sourcing_lot,record_id,Immutable unique row identifier,string,required,,system assigned,at creation,data system,system record,unique; immutable,program-confidential,
sourcing_lot.farm_id,sourcing_lot,farm_id,Program-issued farm/property identifier,string,required,,system lookup,each record,farm data steward,farm master record,must exist in farm table,program-confidential,M01
sourcing_lot.reporting_period_id,sourcing_lot,reporting_period_id,Linked program reporting period,string,required,,system lookup,each record,farm data steward,reporting-period record,must exist in reporting_period table,program-confidential,
sourcing_lot.evidence_ids,sourcing_lot,evidence_ids,Pipe-delimited evidence IDs supporting row,list,required when evidence is specified,,evidence register linkage,each record,farm data steward,evidence register,every ID must exist,program-confidential,
sourcing_lot.data_status,sourcing_lot,data_status,Status of value/record,enum,required,observed|measured|estimated|unknown|not_collected|not_applicable,,each record,submitter,record metadata,estimated requires method; unknown cannot be zero,program-confidential,
sourcing_lot.qa_status,sourcing_lot,qa_status,Review state,enum,required,submitted|automated_check_passed|reviewed|verified|rejected,,each review,reviewer,review log,verified only by authorized reviewer,program-confidential,
sourcing_lot.lot_id,sourcing_lot,lot_id,Unique sourced/sold lot ID,string,required,,transaction record,each lot,farm data steward,"invoice, transport/warehouse record",positive volume; origin IDs exist; duplicate check,program-confidential,M01
sourcing_lot.buyer_or_destination_id,sourcing_lot,buyer_or_destination_id,Program buyer/destination ID,string,required,,transaction record,each lot,farm data steward,"invoice, transport/warehouse record",positive volume; origin IDs exist; duplicate check,program-confidential,M01
sourcing_lot.commodity,sourcing_lot,commodity,Commodity sold/sourced,text,required,soy,transaction record,each lot,farm data steward,"invoice, transport/warehouse record",positive volume; origin IDs exist; duplicate check,program-confidential,M01
sourcing_lot.harvest_date,sourcing_lot,harvest_date,Harvest date or period end,date,required,YYYY-MM-DD,transaction record,each lot,farm data steward,"invoice, transport/warehouse record",positive volume; origin IDs exist; duplicate check,program-confidential,M01
sourcing_lot.transfer_date,sourcing_lot,transfer_date,Transfer/sale date,date,required,YYYY-MM-DD,transaction record,each lot,farm data steward,"invoice, transport/warehouse record",positive volume; origin IDs exist; duplicate check,program-confidential,M01
sourcing_lot.volume_tonnes,sourcing_lot,volume_tonnes,Lot mass,decimal,required,metric tonnes,transaction record,each lot,farm data steward,"invoice, transport/warehouse record",positive volume; origin IDs exist; duplicate check,program-confidential,M01
sourcing_lot.traceability_type,sourcing_lot,traceability_type,Traceability model,enum,required,physical_identity_preserved|segregated|mass_balance|book_and_claim|unknown,transaction record,each lot,farm data steward,"invoice, transport/warehouse record",positive volume; origin IDs exist; duplicate check,program-confidential,M01
sourcing_lot.origin_fields,sourcing_lot,origin_fields,Pipe-delimited origin field IDs,list,required for physical claims,,transaction record,each lot,farm data steward,"invoice, transport/warehouse record",positive volume; origin IDs exist; duplicate check,program-confidential,M01
sourcing_lot.supporting_document_number,sourcing_lot,supporting_document_number,Invoice/transport/lot document number,string,required,,transaction record,each lot,farm data steward,"invoice, transport/warehouse record",positive volume; origin IDs exist; duplicate check,program-confidential,M01
land_cover_observation.record_id,land_cover_observation,record_id,Immutable unique row identifier,string,required,,system assigned,at creation,data system,system record,unique; immutable,program-confidential,
land_cover_observation.farm_id,land_cover_observation,farm_id,Program-issued farm/property identifier,string,required,,system lookup,each record,farm data steward,farm master record,must exist in farm table,program-confidential,M01
land_cover_observation.reporting_period_id,land_cover_observation,reporting_period_id,Linked program reporting period,string,required,,system lookup,each record,farm data steward,reporting-period record,must exist in reporting_period table,program-confidential,
land_cover_observation.evidence_ids,land_cover_observation,evidence_ids,Pipe-delimited evidence IDs supporting row,list,required when evidence is specified,,evidence register linkage,each record,farm data steward,evidence register,every ID must exist,program-confidential,
land_cover_observation.data_status,land_cover_observation,data_status,Status of value/record,enum,required,observed|measured|estimated|unknown|not_collected|not_applicable,,each record,submitter,record metadata,estimated requires method; unknown cannot be zero,program-confidential,
land_cover_observation.qa_status,land_cover_observation,qa_status,Review state,enum,required,submitted|automated_check_passed|reviewed|verified|rejected,,each review,reviewer,review log,verified only by authorized reviewer,program-confidential,
land_cover_observation.land_cover_observation_id,land_cover_observation,land_cover_observation_id,Unique land-cover assessment ID,string,required,,remote sensing/GIS and field verification,annual/event,GIS analyst,imagery interpretation and investigation evidence,dates valid; change area <= polygon area; pending safeguard unresolved,restricted ecological,M02|M07
land_cover_observation.habitat_polygon_id,land_cover_observation,habitat_polygon_id,Assessed habitat polygon,string,required,,remote sensing/GIS and field verification,annual/event,GIS analyst,imagery interpretation and investigation evidence,dates valid; change area <= polygon area; pending safeguard unresolved,restricted ecological,M02|M07
land_cover_observation.observation_date,land_cover_observation,observation_date,Assessment/imagery date,date,required,YYYY-MM-DD,remote sensing/GIS and field verification,annual/event,GIS analyst,imagery interpretation and investigation evidence,dates valid; change area <= polygon area; pending safeguard unresolved,restricted ecological,M02|M07
land_cover_observation.imagery_source,land_cover_observation,imagery_source,Imagery/provider/source,text,required,,remote sensing/GIS and field verification,annual/event,GIS analyst,imagery interpretation and investigation evidence,dates valid; change area <= polygon area; pending safeguard unresolved,restricted ecological,M02|M07
land_cover_observation.method_version,land_cover_observation,method_version,Approved classification method/version,string,required,,remote sensing/GIS and field verification,annual/event,GIS analyst,imagery interpretation and investigation evidence,dates valid; change area <= polygon area; pending safeguard unresolved,restricted ecological,M02|M07
land_cover_observation.land_cover_class,land_cover_observation,land_cover_class,Observed class,text,required,approved legend,remote sensing/GIS and field verification,annual/event,GIS analyst,imagery interpretation and investigation evidence,dates valid; change area <= polygon area; pending safeguard unresolved,restricted ecological,M02|M07
land_cover_observation.area_ha,land_cover_observation,area_ha,Area represented by observation/change,decimal,required,ha,remote sensing/GIS and field verification,annual/event,GIS analyst,imagery interpretation and investigation evidence,dates valid; change area <= polygon area; pending safeguard unresolved,restricted ecological,M02|M07
land_cover_observation.change_type,land_cover_observation,change_type,Change relative to prior approved observation,enum,required,none|gross_loss|gross_gain|degradation|uncertain,remote sensing/GIS and field verification,annual/event,GIS analyst,imagery interpretation and investigation evidence,dates valid; change area <= polygon area; pending safeguard unresolved,restricted ecological,M02|M07
land_cover_observation.change_start_date,land_cover_observation,change_start_date,Earliest supported change date,date,required when change_type != none,YYYY-MM-DD,remote sensing/GIS and field verification,annual/event,GIS analyst,imagery interpretation and investigation evidence,dates valid; change area <= polygon area; pending safeguard unresolved,restricted ecological,M02|M07
land_cover_observation.change_end_date,land_cover_observation,change_end_date,Latest supported change date,date,required when change_type != none,YYYY-MM-DD,remote sensing/GIS and field verification,annual/event,GIS analyst,imagery interpretation and investigation evidence,dates valid; change area <= polygon area; pending safeguard unresolved,restricted ecological,M02|M07
land_cover_observation.natural_ecosystem_conversion_flag,land_cover_observation,natural_ecosystem_conversion_flag,Whether change is natural-ecosystem conversion,enum,required,yes|no|uncertain,remote sensing/GIS and field verification,annual/event,GIS analyst,imagery interpretation and investigation evidence,dates valid; change area <= polygon area; pending safeguard unresolved,restricted ecological,M02|M07
land_cover_observation.classification_confidence,land_cover_observation,classification_confidence,Classification confidence,enum,required,high|medium|low,remote sensing/GIS and field verification,annual/event,GIS analyst,imagery interpretation and investigation evidence,dates valid; change area <= polygon area; pending safeguard unresolved,restricted ecological,M02|M07
land_cover_observation.field_verification_status,land_cover_observation,field_verification_status,Field verification status,enum,required,verified|not_required|pending|inconclusive,remote sensing/GIS and field verification,annual/event,GIS analyst,imagery interpretation and investigation evidence,dates valid; change area <= polygon area; pending safeguard unresolved,restricted ecological,M02|M07
land_cover_observation.investigation_disposition,land_cover_observation,investigation_disposition,Approved alert/change disposition,enum,required for change/uncertain,confirmed_compliant|confirmed_noncompliant|false_positive|pending,remote sensing/GIS and field verification,annual/event,GIS analyst,imagery interpretation and investigation evidence,dates valid; change area <= polygon area; pending safeguard unresolved,restricted ecological,M02|M07
rights_grievance.record_id,rights_grievance,record_id,Immutable unique row identifier,string,required,,system assigned,at creation,data system,system record,unique; immutable,program-confidential,
rights_grievance.farm_id,rights_grievance,farm_id,Program-issued farm/property identifier,string,required,,system lookup,each record,farm data steward,farm master record,must exist in farm table,program-confidential,M01
rights_grievance.reporting_period_id,rights_grievance,reporting_period_id,Linked program reporting period,string,required,,system lookup,each record,farm data steward,reporting-period record,must exist in reporting_period table,program-confidential,
rights_grievance.evidence_ids,rights_grievance,evidence_ids,Pipe-delimited evidence IDs supporting row,list,required when evidence is specified,,evidence register linkage,each record,farm data steward,evidence register,every ID must exist,program-confidential,
rights_grievance.data_status,rights_grievance,data_status,Status of value/record,enum,required,observed|measured|estimated|unknown|not_collected|not_applicable,,each record,submitter,record metadata,estimated requires method; unknown cannot be zero,program-confidential,
rights_grievance.qa_status,rights_grievance,qa_status,Review state,enum,required,submitted|automated_check_passed|reviewed|verified|rejected,,each review,reviewer,review log,verified only by authorized reviewer,program-confidential,
rights_grievance.rights_grievance_id,rights_grievance,rights_grievance_id,Unique rights/conflict/grievance case ID,string,required,,restricted grievance/rights process,event/continuous,rights officer,restricted case file and engagement record,critical/open blocks claim per rules; dates ordered,restricted personal/rights,M04
rights_grievance.case_type,rights_grievance,case_type,Case category,enum,required,tenure|access|FPIC|labor|community_impact|retaliation|other,restricted grievance/rights process,event/continuous,rights officer,restricted case file and engagement record,critical/open blocks claim per rules; dates ordered,restricted personal/rights,M04
rights_grievance.received_date,rights_grievance,received_date,Date received/identified,date,required,YYYY-MM-DD,restricted grievance/rights process,event/continuous,rights officer,restricted case file and engagement record,critical/open blocks claim per rules; dates ordered,restricted personal/rights,M04
rights_grievance.channel,rights_grievance,channel,Receipt channel,enum,required,grievance_mechanism|consultation|audit|official_record|other,restricted grievance/rights process,event/continuous,rights officer,restricted case file and engagement record,critical/open blocks claim per rules; dates ordered,restricted personal/rights,M04
rights_grievance.affected_group_code,rights_grievance,affected_group_code,Pseudonymous affected group/person code,string,required,,restricted grievance/rights process,event/continuous,rights officer,restricted case file and engagement record,critical/open blocks claim per rules; dates ordered,restricted personal/rights,M04
rights_grievance.consent_or_fpic_required,rights_grievance,consent_or_fpic_required,Whether consent/FPIC is required,boolean,required,true|false,restricted grievance/rights process,event/continuous,rights officer,restricted case file and engagement record,critical/open blocks claim per rules; dates ordered,restricted personal/rights,M04
rights_grievance.consent_or_fpic_status,rights_grievance,consent_or_fpic_status,Consent/FPIC status,enum,required when required=true,obtained|withheld|pending|not_valid,restricted grievance/rights process,event/continuous,rights officer,restricted case file and engagement record,critical/open blocks claim per rules; dates ordered,restricted personal/rights,M04
rights_grievance.severity,rights_grievance,severity,Program severity classification,enum,required,low|medium|high|critical,restricted grievance/rights process,event/continuous,rights officer,restricted case file and engagement record,critical/open blocks claim per rules; dates ordered,restricted personal/rights,M04
rights_grievance.case_status,rights_grievance,case_status,Current case status,enum,required,open|under_investigation|remediation|closed|appealed,restricted grievance/rights process,event/continuous,rights officer,restricted case file and engagement record,critical/open blocks claim per rules; dates ordered,restricted personal/rights,M04
rights_grievance.resolution_date,rights_grievance,resolution_date,Approved resolution date,date,required when closed,YYYY-MM-DD,restricted grievance/rights process,event/continuous,rights officer,restricted case file and engagement record,critical/open blocks claim per rules; dates ordered,restricted personal/rights,M04
rights_grievance.remedy_summary,rights_grievance,remedy_summary,Non-sensitive remedy/action summary,text,required when remediation/closed,,restricted grievance/rights process,event/continuous,rights officer,restricted case file and engagement record,critical/open blocks claim per rules; dates ordered,restricted personal/rights,M04
incident.record_id,incident,record_id,Immutable unique row identifier,string,required,,system assigned,at creation,data system,system record,unique; immutable,program-confidential,
incident.farm_id,incident,farm_id,Program-issued farm/property identifier,string,required,,system lookup,each record,farm data steward,farm master record,must exist in farm table,program-confidential,M01
incident.reporting_period_id,incident,reporting_period_id,Linked program reporting period,string,required,,system lookup,each record,farm data steward,reporting-period record,must exist in reporting_period table,program-confidential,
incident.evidence_ids,incident,evidence_ids,Pipe-delimited evidence IDs supporting row,list,required when evidence is specified,,evidence register linkage,each record,farm data steward,evidence register,every ID must exist,program-confidential,
incident.data_status,incident,data_status,Status of value/record,enum,required,observed|measured|estimated|unknown|not_collected|not_applicable,,each record,submitter,record metadata,estimated requires method; unknown cannot be zero,program-confidential,
incident.qa_status,incident,qa_status,Review state,enum,required,submitted|automated_check_passed|reviewed|verified|rejected,,each review,reviewer,review log,verified only by authorized reviewer,program-confidential,
incident.incident_id,incident,incident_id,Unique environmental/safeguard incident ID,string,required,,event report/investigation,event,farm data steward,"incident file, photos, authority record",location/date/evidence required; open material action escalated,restricted ecological,M03|M05|M06|M09|M11|M12|M13
incident.incident_type,incident,incident_type,Incident category,enum,required,fire|erosion|spill|contamination|buffer_breach|wildlife_mortality|hunting_collection|protected_area_disturbance|restoration_reversal|other,event report/investigation,event,farm data steward,"incident file, photos, authority record",location/date/evidence required; open material action escalated,restricted ecological,M03|M05|M06|M09|M11|M12|M13
incident.incident_date,incident,incident_date,Occurrence/discovery date,date,required,YYYY-MM-DD,event report/investigation,event,farm data steward,"incident file, photos, authority record",location/date/evidence required; open material action escalated,restricted ecological,M03|M05|M06|M09|M11|M12|M13
incident.geometry_id,incident,geometry_id,Incident location geometry ID,string,required,,event report/investigation,event,farm data steward,"incident file, photos, authority record",location/date/evidence required; open material action escalated,restricted ecological,M03|M05|M06|M09|M11|M12|M13
incident.affected_area_ha,incident,affected_area_ha,Affected area where applicable,decimal,required when area impact,ha,event report/investigation,event,farm data steward,"incident file, photos, authority record",location/date/evidence required; open material action escalated,restricted ecological,M03|M05|M06|M09|M11|M12|M13
incident.severity,incident,severity,Program severity class,enum,required,low|medium|high|critical,event report/investigation,event,farm data steward,"incident file, photos, authority record",location/date/evidence required; open material action escalated,restricted ecological,M03|M05|M06|M09|M11|M12|M13
incident.safeguard_failure_flag,incident,safeguard_failure_flag,Whether incident is a safeguard failure,boolean,required,true|false,event report/investigation,event,farm data steward,"incident file, photos, authority record",location/date/evidence required; open material action escalated,restricted ecological,M03|M05|M06|M09|M11|M12|M13
incident.authority_notified_date,incident,authority_notified_date,Date competent authority notified,date,required when legally/program required,YYYY-MM-DD,event report/investigation,event,farm data steward,"incident file, photos, authority record",location/date/evidence required; open material action escalated,restricted ecological,M03|M05|M06|M09|M11|M12|M13
incident.root_cause,incident,root_cause,Approved root-cause summary,text,required for material incident,,event report/investigation,event,farm data steward,"incident file, photos, authority record",location/date/evidence required; open material action escalated,restricted ecological,M03|M05|M06|M09|M11|M12|M13
incident.corrective_action_status,incident,corrective_action_status,Corrective action status,enum,required,not_required|open|implemented|verified_closed,event report/investigation,event,farm data steward,"incident file, photos, authority record",location/date/evidence required; open material action escalated,restricted ecological,M03|M05|M06|M09|M11|M12|M13
species_observation.record_id,species_observation,record_id,Immutable unique row identifier,string,required,,system assigned,at creation,data system,system record,unique; immutable,program-confidential,
species_observation.farm_id,species_observation,farm_id,Program-issued farm/property identifier,string,required,,system lookup,each record,farm data steward,farm master record,must exist in farm table,program-confidential,M01
species_observation.reporting_period_id,species_observation,reporting_period_id,Linked program reporting period,string,required,,system lookup,each record,farm data steward,reporting-period record,must exist in reporting_period table,program-confidential,
species_observation.evidence_ids,species_observation,evidence_ids,Pipe-delimited evidence IDs supporting row,list,required when evidence is specified,,evidence register linkage,each record,farm data steward,evidence register,every ID must exist,program-confidential,
species_observation.data_status,species_observation,data_status,Status of value/record,enum,required,observed|measured|estimated|unknown|not_collected|not_applicable,,each record,submitter,record metadata,estimated requires method; unknown cannot be zero,program-confidential,
species_observation.qa_status,species_observation,qa_status,Review state,enum,required,submitted|automated_check_passed|reviewed|verified|rejected,,each review,reviewer,review log,verified only by authorized reviewer,program-confidential,
species_observation.species_observation_id,species_observation,species_observation_id,Unique opportunistic/target species record,string,required,,field observation/approved external record,event/protocol schedule,trained observer/ecologist,photo/audio/survey record/expert validation,taxon/status/version required; location restricted,restricted ecological,M05|M16
species_observation.observation_date,species_observation,observation_date,Observation date,date,required,YYYY-MM-DD,field observation/approved external record,event/protocol schedule,trained observer/ecologist,photo/audio/survey record/expert validation,taxon/status/version required; location restricted,restricted ecological,M05|M16
species_observation.geometry_id,species_observation,geometry_id,Restricted/generalized location ID,string,required,,field observation/approved external record,event/protocol schedule,trained observer/ecologist,photo/audio/survey record/expert validation,taxon/status/version required; location restricted,restricted ecological,M05|M16
species_observation.taxon_scientific_name,species_observation,taxon_scientific_name,Scientific name or approved taxon code,text,required,,field observation/approved external record,event/protocol schedule,trained observer/ecologist,photo/audio/survey record/expert validation,taxon/status/version required; location restricted,restricted ecological,M05|M16
species_observation.identification_confidence,species_observation,identification_confidence,Identification confidence,enum,required,confirmed|probable|uncertain,field observation/approved external record,event/protocol schedule,trained observer/ecologist,photo/audio/survey record/expert validation,taxon/status/version required; location restricted,restricted ecological,M05|M16
species_observation.threat_status_source,species_observation,threat_status_source,Threat-list source/version,text,required,,field observation/approved external record,event/protocol schedule,trained observer/ecologist,photo/audio/survey record/expert validation,taxon/status/version required; location restricted,restricted ecological,M05|M16
species_observation.threat_status,species_observation,threat_status,Threat status/category,text,required,,field observation/approved external record,event/protocol schedule,trained observer/ecologist,photo/audio/survey record/expert validation,taxon/status/version required; location restricted,restricted ecological,M05|M16
species_observation.observation_type,species_observation,observation_type,Observation/evidence type,enum,required,visual|acoustic|camera|track_sign|specimen|eDNA|other,field observation/approved external record,event/protocol schedule,trained observer/ecologist,photo/audio/survey record/expert validation,taxon/status/version required; location restricted,restricted ecological,M05|M16
species_observation.count_or_presence,species_observation,count_or_presence,Observed count or presence,decimal,required,count; use 1 for presence only,field observation/approved external record,event/protocol schedule,trained observer/ecologist,photo/audio/survey record/expert validation,taxon/status/version required; location restricted,restricted ecological,M05|M16
species_observation.protection_action_required,species_observation,protection_action_required,Whether protection response is required,boolean,required,true|false,field observation/approved external record,event/protocol schedule,trained observer/ecologist,photo/audio/survey record/expert validation,taxon/status/version required; location restricted,restricted ecological,M05|M16
species_observation.protection_action_status,species_observation,protection_action_status,Protection action status,enum,required when action required,open|implemented|verified,field observation/approved external record,event/protocol schedule,trained observer/ecologist,photo/audio/survey record/expert validation,taxon/status/version required; location restricted,restricted ecological,M05|M16
crop_cycle.record_id,crop_cycle,record_id,Immutable unique row identifier,string,required,,system assigned,at creation,data system,system record,unique; immutable,program-confidential,
crop_cycle.farm_id,crop_cycle,farm_id,Program-issued farm/property identifier,string,required,,system lookup,each record,farm data steward,farm master record,must exist in farm table,program-confidential,M01
crop_cycle.reporting_period_id,crop_cycle,reporting_period_id,Linked program reporting period,string,required,,system lookup,each record,farm data steward,reporting-period record,must exist in reporting_period table,program-confidential,
crop_cycle.evidence_ids,crop_cycle,evidence_ids,Pipe-delimited evidence IDs supporting row,list,required when evidence is specified,,evidence register linkage,each record,farm data steward,evidence register,every ID must exist,program-confidential,
crop_cycle.data_status,crop_cycle,data_status,Status of value/record,enum,required,observed|measured|estimated|unknown|not_collected|not_applicable,,each record,submitter,record metadata,estimated requires method; unknown cannot be zero,program-confidential,
crop_cycle.qa_status,crop_cycle,qa_status,Review state,enum,required,submitted|automated_check_passed|reviewed|verified|rejected,,each review,reviewer,review log,verified only by authorized reviewer,program-confidential,
crop_cycle.crop_cycle_id,crop_cycle,crop_cycle_id,Unique field crop-cycle ID,string,required,,farm management record,each crop cycle,farm data steward,planting/harvest/production record,area <= field area unless explained; dates ordered; shared area handled,program-confidential,M10|M11
crop_cycle.field_id,crop_cycle,field_id,Linked field ID,string,required,,farm management record,each crop cycle,farm data steward,planting/harvest/production record,area <= field area unless explained; dates ordered; shared area handled,program-confidential,M10|M11
crop_cycle.crop_name,crop_cycle,crop_name,Crop/common name,text,required,,farm management record,each crop cycle,farm data steward,planting/harvest/production record,area <= field area unless explained; dates ordered; shared area handled,program-confidential,M10|M11
crop_cycle.variety_or_cultivar,crop_cycle,variety_or_cultivar,Variety/cultivar where available,text,optional,,farm management record,each crop cycle,farm data steward,planting/harvest/production record,area <= field area unless explained; dates ordered; shared area handled,program-confidential,M10|M11
crop_cycle.planting_date,crop_cycle,planting_date,Planting/start date,date,required,YYYY-MM-DD,farm management record,each crop cycle,farm data steward,planting/harvest/production record,area <= field area unless explained; dates ordered; shared area handled,program-confidential,M10|M11
crop_cycle.harvest_date,crop_cycle,harvest_date,Harvest/end date,date,required when harvested,YYYY-MM-DD,farm management record,each crop cycle,farm data steward,planting/harvest/production record,area <= field area unless explained; dates ordered; shared area handled,program-confidential,M10|M11
crop_cycle.managed_area_ha,crop_cycle,managed_area_ha,Area managed in this cycle,decimal,required,ha,farm management record,each crop cycle,farm data steward,planting/harvest/production record,area <= field area unless explained; dates ordered; shared area handled,program-confidential,M10|M11
crop_cycle.shared_area_flag,crop_cycle,shared_area_flag,Intercrop/shared physical area flag,boolean,required,true|false,farm management record,each crop cycle,farm data steward,planting/harvest/production record,area <= field area unless explained; dates ordered; shared area handled,program-confidential,M10|M11
crop_cycle.production_tonnes,crop_cycle,production_tonnes,Harvested production,decimal,required when harvested,metric tonnes,farm management record,each crop cycle,farm data steward,planting/harvest/production record,area <= field area unless explained; dates ordered; shared area handled,program-confidential,M10|M11
crop_cycle.tillage_system,crop_cycle,tillage_system,Dominant tillage system,enum,required,no_till|reduced_till|conventional|other,farm management record,each crop cycle,farm data steward,planting/harvest/production record,area <= field area unless explained; dates ordered; shared area handled,program-confidential,M10|M11
crop_cycle.preceding_crop_cycle_id,crop_cycle,preceding_crop_cycle_id,Previous crop cycle on field,string,required when available,,farm management record,each crop cycle,farm data steward,planting/harvest/production record,area <= field area unless explained; dates ordered; shared area handled,program-confidential,M10|M11
crop_cycle.residue_management,crop_cycle,residue_management,Post-harvest residue management,enum,required,retained|partially_removed|removed|burned|other,farm management record,each crop cycle,farm data steward,planting/harvest/production record,area <= field area unless explained; dates ordered; shared area handled,program-confidential,M10|M11
pesticide_application.record_id,pesticide_application,record_id,Immutable unique row identifier,string,required,,system assigned,at creation,data system,system record,unique; immutable,program-confidential,
pesticide_application.farm_id,pesticide_application,farm_id,Program-issued farm/property identifier,string,required,,system lookup,each record,farm data steward,farm master record,must exist in farm table,program-confidential,M01
pesticide_application.reporting_period_id,pesticide_application,reporting_period_id,Linked program reporting period,string,required,,system lookup,each record,farm data steward,reporting-period record,must exist in reporting_period table,program-confidential,
pesticide_application.evidence_ids,pesticide_application,evidence_ids,Pipe-delimited evidence IDs supporting row,list,required when evidence is specified,,evidence register linkage,each record,farm data steward,evidence register,every ID must exist,program-confidential,
pesticide_application.data_status,pesticide_application,data_status,Status of value/record,enum,required,observed|measured|estimated|unknown|not_collected|not_applicable,,each record,submitter,record metadata,estimated requires method; unknown cannot be zero,program-confidential,
pesticide_application.qa_status,pesticide_application,qa_status,Review state,enum,required,submitted|automated_check_passed|reviewed|verified|rejected,,each review,reviewer,review log,verified only by authorized reviewer,program-confidential,
pesticide_application.application_id,pesticide_application,application_id,Unique pesticide application event ID,string,required,,application log and product record,each application,farm operator/applicator,"application log, invoice, label, equipment record",positive amount/area; registration/list check; treated area plausible,program-confidential,M06|M10
pesticide_application.crop_cycle_id,pesticide_application,crop_cycle_id,Linked crop cycle,string,required,,application log and product record,each application,farm operator/applicator,"application log, invoice, label, equipment record",positive amount/area; registration/list check; treated area plausible,program-confidential,M06|M10
pesticide_application.field_id,pesticide_application,field_id,Treated field ID,string,required,,application log and product record,each application,farm operator/applicator,"application log, invoice, label, equipment record",positive amount/area; registration/list check; treated area plausible,program-confidential,M06|M10
pesticide_application.application_start_datetime,pesticide_application,application_start_datetime,Application start timestamp,datetime,required,ISO 8601,application log and product record,each application,farm operator/applicator,"application log, invoice, label, equipment record",positive amount/area; registration/list check; treated area plausible,program-confidential,M06|M10
pesticide_application.product_trade_name,pesticide_application,product_trade_name,Applied product trade name,text,required,,application log and product record,each application,farm operator/applicator,"application log, invoice, label, equipment record",positive amount/area; registration/list check; treated area plausible,program-confidential,M06|M10
pesticide_application.registration_number,pesticide_application,registration_number,Current product registration number,string,required,,application log and product record,each application,farm operator/applicator,"application log, invoice, label, equipment record",positive amount/area; registration/list check; treated area plausible,program-confidential,M06|M10
pesticide_application.active_ingredients,pesticide_application,active_ingredients,Active ingredient names/codes,list,required,,application log and product record,each application,farm operator/applicator,"application log, invoice, label, equipment record",positive amount/area; registration/list check; treated area plausible,program-confidential,M06|M10
pesticide_application.active_ingredient_concentration,pesticide_application,active_ingredient_concentration,Concentration per product amount,decimal,required,g or kg a.i. per L/kg product,application log and product record,each application,farm operator/applicator,"application log, invoice, label, equipment record",positive amount/area; registration/list check; treated area plausible,program-confidential,M06|M10
pesticide_application.product_amount_used,pesticide_application,product_amount_used,Total product amount used,decimal,required,L or kg; unit in amount_unit,application log and product record,each application,farm operator/applicator,"application log, invoice, label, equipment record",positive amount/area; registration/list check; treated area plausible,program-confidential,M06|M10
pesticide_application.amount_unit,pesticide_application,amount_unit,Product amount unit,enum,required,L|kg,application log and product record,each application,farm operator/applicator,"application log, invoice, label, equipment record",positive amount/area; registration/list check; treated area plausible,program-confidential,M06|M10
pesticide_application.treated_area_ha,pesticide_application,treated_area_ha,Actual treated area,decimal,required,ha,application log and product record,each application,farm operator/applicator,"application log, invoice, label, equipment record",positive amount/area; registration/list check; treated area plausible,program-confidential,M06|M10
pesticide_application.target_pest,pesticide_application,target_pest,Target pest/disease/weed,text,required,,application log and product record,each application,farm operator/applicator,"application log, invoice, label, equipment record",positive amount/area; registration/list check; treated area plausible,program-confidential,M06|M10
pesticide_application.decision_basis,pesticide_application,decision_basis,IPM/decision basis for application,text,required,,application log and product record,each application,farm operator/applicator,"application log, invoice, label, equipment record",positive amount/area; registration/list check; treated area plausible,program-confidential,M06|M10
pesticide_application.wind_speed_m_s,pesticide_application,wind_speed_m_s,Wind speed at application,decimal,required,m/s,application log and product record,each application,farm operator/applicator,"application log, invoice, label, equipment record",positive amount/area; registration/list check; treated area plausible,program-confidential,M06|M10
pesticide_application.rain_forecast_or_event,pesticide_application,rain_forecast_or_event,Relevant rain status,text,required,,application log and product record,each application,farm operator/applicator,"application log, invoice, label, equipment record",positive amount/area; registration/list check; treated area plausible,program-confidential,M06|M10
pesticide_application.buffer_distance_m,pesticide_application,buffer_distance_m,Minimum maintained buffer distance,decimal,required,m,application log and product record,each application,farm operator/applicator,"application log, invoice, label, equipment record",positive amount/area; registration/list check; treated area plausible,program-confidential,M06|M10
pesticide_application.prohibited_product_flag,pesticide_application,prohibited_product_flag,Product prohibited by legal/program list,boolean,required,true|false,application log and product record,each application,farm operator/applicator,"application log, invoice, label, equipment record",positive amount/area; registration/list check; treated area plausible,program-confidential,M06|M10
pesticide_application.incident_id,pesticide_application,incident_id,Linked incident if breach/spill/drift,string,required when incident occurred,,application log and product record,each application,farm operator/applicator,"application log, invoice, label, equipment record",positive amount/area; registration/list check; treated area plausible,program-confidential,M06|M10
ipm_scouting.record_id,ipm_scouting,record_id,Immutable unique row identifier,string,required,,system assigned,at creation,data system,system record,unique; immutable,program-confidential,
ipm_scouting.farm_id,ipm_scouting,farm_id,Program-issued farm/property identifier,string,required,,system lookup,each record,farm data steward,farm master record,must exist in farm table,program-confidential,M01
ipm_scouting.reporting_period_id,ipm_scouting,reporting_period_id,Linked program reporting period,string,required,,system lookup,each record,farm data steward,reporting-period record,must exist in reporting_period table,program-confidential,
ipm_scouting.evidence_ids,ipm_scouting,evidence_ids,Pipe-delimited evidence IDs supporting row,list,required when evidence is specified,,evidence register linkage,each record,farm data steward,evidence register,every ID must exist,program-confidential,
ipm_scouting.data_status,ipm_scouting,data_status,Status of value/record,enum,required,observed|measured|estimated|unknown|not_collected|not_applicable,,each record,submitter,record metadata,estimated requires method; unknown cannot be zero,program-confidential,
ipm_scouting.qa_status,ipm_scouting,qa_status,Review state,enum,required,submitted|automated_check_passed|reviewed|verified|rejected,,each review,reviewer,review log,verified only by authorized reviewer,program-confidential,
ipm_scouting.scouting_id,ipm_scouting,scouting_id,Unique scouting/decision event ID,string,required,,field scouting record,protocol/crop cycle,farm data steward,dated scouting sheet/app record,method and effort present; decision traceable,program-confidential,M10
ipm_scouting.crop_cycle_id,ipm_scouting,crop_cycle_id,Linked crop cycle,string,required,,field scouting record,protocol/crop cycle,farm data steward,dated scouting sheet/app record,method and effort present; decision traceable,program-confidential,M10
ipm_scouting.field_id,ipm_scouting,field_id,Scouted field ID,string,required,,field scouting record,protocol/crop cycle,farm data steward,dated scouting sheet/app record,method and effort present; decision traceable,program-confidential,M10
ipm_scouting.scouting_date,ipm_scouting,scouting_date,Scouting date,date,required,YYYY-MM-DD,field scouting record,protocol/crop cycle,farm data steward,dated scouting sheet/app record,method and effort present; decision traceable,program-confidential,M10
ipm_scouting.target_pest,ipm_scouting,target_pest,Target pest/disease/weed,text,required,,field scouting record,protocol/crop cycle,farm data steward,dated scouting sheet/app record,method and effort present; decision traceable,program-confidential,M10
ipm_scouting.sampling_method,ipm_scouting,sampling_method,Approved scouting method/version,text,required,,field scouting record,protocol/crop cycle,farm data steward,dated scouting sheet/app record,method and effort present; decision traceable,program-confidential,M10
ipm_scouting.sampling_effort,ipm_scouting,sampling_effort,Effort/number of sampling units,decimal,required,method-specific,field scouting record,protocol/crop cycle,farm data steward,dated scouting sheet/app record,method and effort present; decision traceable,program-confidential,M10
ipm_scouting.pest_measure,ipm_scouting,pest_measure,Raw pest observation/result,decimal,required,method-specific,field scouting record,protocol/crop cycle,farm data steward,dated scouting sheet/app record,method and effort present; decision traceable,program-confidential,M10
ipm_scouting.action_threshold,ipm_scouting,action_threshold,Decision threshold used,decimal,required,same unit as pest_measure,field scouting record,protocol/crop cycle,farm data steward,dated scouting sheet/app record,method and effort present; decision traceable,program-confidential,M10
ipm_scouting.natural_enemy_measure,ipm_scouting,natural_enemy_measure,Natural-enemy observation where protocol requires,decimal,required when applicable,method-specific,field scouting record,protocol/crop cycle,farm data steward,dated scouting sheet/app record,method and effort present; decision traceable,program-confidential,M10
ipm_scouting.decision,ipm_scouting,decision,Management decision after scouting,enum,required,no_action|monitor|nonchemical_control|chemical_control|other,field scouting record,protocol/crop cycle,farm data steward,dated scouting sheet/app record,method and effort present; decision traceable,program-confidential,M10
ipm_scouting.nonchemical_action,ipm_scouting,nonchemical_action,Non-chemical action implemented,text,required when selected,,field scouting record,protocol/crop cycle,farm data steward,dated scouting sheet/app record,method and effort present; decision traceable,program-confidential,M10
soil_cover_observation.record_id,soil_cover_observation,record_id,Immutable unique row identifier,string,required,,system assigned,at creation,data system,system record,unique; immutable,program-confidential,
soil_cover_observation.farm_id,soil_cover_observation,farm_id,Program-issued farm/property identifier,string,required,,system lookup,each record,farm data steward,farm master record,must exist in farm table,program-confidential,M01
soil_cover_observation.reporting_period_id,soil_cover_observation,reporting_period_id,Linked program reporting period,string,required,,system lookup,each record,farm data steward,reporting-period record,must exist in reporting_period table,program-confidential,
soil_cover_observation.evidence_ids,soil_cover_observation,evidence_ids,Pipe-delimited evidence IDs supporting row,list,required when evidence is specified,,evidence register linkage,each record,farm data steward,evidence register,every ID must exist,program-confidential,
soil_cover_observation.data_status,soil_cover_observation,data_status,Status of value/record,enum,required,observed|measured|estimated|unknown|not_collected|not_applicable,,each record,submitter,record metadata,estimated requires method; unknown cannot be zero,program-confidential,
soil_cover_observation.qa_status,soil_cover_observation,qa_status,Review state,enum,required,submitted|automated_check_passed|reviewed|verified|rejected,,each review,reviewer,review log,verified only by authorized reviewer,program-confidential,
soil_cover_observation.soil_cover_observation_id,soil_cover_observation,soil_cover_observation_id,Unique field soil-cover observation,string,required,,field/photo/approved remote sensing observation,seasonal/key windows,farm data steward,geotagged observation/photo/imagery result,percentages each 0-100; method/effort required,program-confidential,M11
soil_cover_observation.field_id,soil_cover_observation,field_id,Observed field,string,required,,field/photo/approved remote sensing observation,seasonal/key windows,farm data steward,geotagged observation/photo/imagery result,percentages each 0-100; method/effort required,program-confidential,M11
soil_cover_observation.crop_cycle_id,soil_cover_observation,crop_cycle_id,Linked crop cycle where applicable,string,optional,,field/photo/approved remote sensing observation,seasonal/key windows,farm data steward,geotagged observation/photo/imagery result,percentages each 0-100; method/effort required,program-confidential,M11
soil_cover_observation.observation_date,soil_cover_observation,observation_date,Observation date,date,required,YYYY-MM-DD,field/photo/approved remote sensing observation,seasonal/key windows,farm data steward,geotagged observation/photo/imagery result,percentages each 0-100; method/effort required,program-confidential,M11
soil_cover_observation.method_version,soil_cover_observation,method_version,Approved cover method/version,text,required,,field/photo/approved remote sensing observation,seasonal/key windows,farm data steward,geotagged observation/photo/imagery result,percentages each 0-100; method/effort required,program-confidential,M11
soil_cover_observation.living_cover_percent,soil_cover_observation,living_cover_percent,Observed living vegetation cover,decimal,required,percent,field/photo/approved remote sensing observation,seasonal/key windows,farm data steward,geotagged observation/photo/imagery result,percentages each 0-100; method/effort required,program-confidential,M11
soil_cover_observation.residue_cover_percent,soil_cover_observation,residue_cover_percent,Observed residue cover,decimal,required,percent,field/photo/approved remote sensing observation,seasonal/key windows,farm data steward,geotagged observation/photo/imagery result,percentages each 0-100; method/effort required,program-confidential,M11
soil_cover_observation.bare_soil_percent,soil_cover_observation,bare_soil_percent,Observed bare soil,decimal,required,percent,field/photo/approved remote sensing observation,seasonal/key windows,farm data steward,geotagged observation/photo/imagery result,percentages each 0-100; method/effort required,program-confidential,M11
soil_cover_observation.observation_points_count,soil_cover_observation,observation_points_count,Number of points/images represented,integer,required,count,field/photo/approved remote sensing observation,seasonal/key windows,farm data steward,geotagged observation/photo/imagery result,percentages each 0-100; method/effort required,program-confidential,M11
soil_cover_observation.erosion_signs_present,soil_cover_observation,erosion_signs_present,Observed erosion signs,boolean,required,true|false,field/photo/approved remote sensing observation,seasonal/key windows,farm data steward,geotagged observation/photo/imagery result,percentages each 0-100; method/effort required,program-confidential,M11
soil_cover_observation.erosion_sign_type,soil_cover_observation,erosion_sign_type,Observed erosion type,list,required when signs present,sheet|rill|gully|sediment|other,field/photo/approved remote sensing observation,seasonal/key windows,farm data steward,geotagged observation/photo/imagery result,percentages each 0-100; method/effort required,program-confidential,M11
water_withdrawal.record_id,water_withdrawal,record_id,Immutable unique row identifier,string,required,,system assigned,at creation,data system,system record,unique; immutable,program-confidential,
water_withdrawal.farm_id,water_withdrawal,farm_id,Program-issued farm/property identifier,string,required,,system lookup,each record,farm data steward,farm master record,must exist in farm table,program-confidential,M01
water_withdrawal.reporting_period_id,water_withdrawal,reporting_period_id,Linked program reporting period,string,required,,system lookup,each record,farm data steward,reporting-period record,must exist in reporting_period table,program-confidential,
water_withdrawal.evidence_ids,water_withdrawal,evidence_ids,Pipe-delimited evidence IDs supporting row,list,required when evidence is specified,,evidence register linkage,each record,farm data steward,evidence register,every ID must exist,program-confidential,
water_withdrawal.data_status,water_withdrawal,data_status,Status of value/record,enum,required,observed|measured|estimated|unknown|not_collected|not_applicable,,each record,submitter,record metadata,estimated requires method; unknown cannot be zero,program-confidential,
water_withdrawal.qa_status,water_withdrawal,qa_status,Review state,enum,required,submitted|automated_check_passed|reviewed|verified|rejected,,each review,reviewer,review log,verified only by authorized reviewer,program-confidential,
water_withdrawal.withdrawal_id,water_withdrawal,withdrawal_id,Unique withdrawal measurement/estimate,string,required,,meter/records/approved estimate,monthly/seasonal/annual,farm data steward,"meter photo/log, permit, invoice/model inputs",end >= start; meter delta reconciles; source/permit valid,program-confidential,M12
water_withdrawal.water_source_id,water_withdrawal,water_source_id,Linked water source,string,required,,meter/records/approved estimate,monthly/seasonal/annual,farm data steward,"meter photo/log, permit, invoice/model inputs",end >= start; meter delta reconciles; source/permit valid,program-confidential,M12
water_withdrawal.measurement_start_date,water_withdrawal,measurement_start_date,Measurement period start,date,required,YYYY-MM-DD,meter/records/approved estimate,monthly/seasonal/annual,farm data steward,"meter photo/log, permit, invoice/model inputs",end >= start; meter delta reconciles; source/permit valid,program-confidential,M12
water_withdrawal.measurement_end_date,water_withdrawal,measurement_end_date,Measurement period end,date,required,YYYY-MM-DD,meter/records/approved estimate,monthly/seasonal/annual,farm data steward,"meter photo/log, permit, invoice/model inputs",end >= start; meter delta reconciles; source/permit valid,program-confidential,M12
water_withdrawal.withdrawal_volume_m3,water_withdrawal,withdrawal_volume_m3,Total withdrawal volume,decimal,required,m3,meter/records/approved estimate,monthly/seasonal/annual,farm data steward,"meter photo/log, permit, invoice/model inputs",end >= start; meter delta reconciles; source/permit valid,program-confidential,M12
water_withdrawal.measurement_method,water_withdrawal,measurement_method,Measurement/estimate method,enum,required,meter|pump_hours_flow_rate|invoice|model|other,meter/records/approved estimate,monthly/seasonal/annual,farm data steward,"meter photo/log, permit, invoice/model inputs",end >= start; meter delta reconciles; source/permit valid,program-confidential,M12
water_withdrawal.meter_start_reading,water_withdrawal,meter_start_reading,Meter start reading,decimal,required when metered,m3,meter/records/approved estimate,monthly/seasonal/annual,farm data steward,"meter photo/log, permit, invoice/model inputs",end >= start; meter delta reconciles; source/permit valid,program-confidential,M12
water_withdrawal.meter_end_reading,water_withdrawal,meter_end_reading,Meter end reading,decimal,required when metered,m3,meter/records/approved estimate,monthly/seasonal/annual,farm data steward,"meter photo/log, permit, invoice/model inputs",end >= start; meter delta reconciles; source/permit valid,program-confidential,M12
water_withdrawal.irrigated_field_ids,water_withdrawal,irrigated_field_ids,Fields receiving water,list,required when irrigation,,meter/records/approved estimate,monthly/seasonal/annual,farm data steward,"meter photo/log, permit, invoice/model inputs",end >= start; meter delta reconciles; source/permit valid,program-confidential,M12
water_withdrawal.permit_limit_m3,water_withdrawal,permit_limit_m3,Applicable permitted volume for period,decimal,required when permitted,m3,meter/records/approved estimate,monthly/seasonal/annual,farm data steward,"meter photo/log, permit, invoice/model inputs",end >= start; meter delta reconciles; source/permit valid,program-confidential,M12
water_withdrawal.exceedance_flag,water_withdrawal,exceedance_flag,Whether permit/program limit exceeded,boolean,required,true|false,meter/records/approved estimate,monthly/seasonal/annual,farm data steward,"meter photo/log, permit, invoice/model inputs",end >= start; meter delta reconciles; source/permit valid,program-confidential,M12
water_quality_sample.record_id,water_quality_sample,record_id,Immutable unique row identifier,string,required,,system assigned,at creation,data system,system record,unique; immutable,program-confidential,
water_quality_sample.farm_id,water_quality_sample,farm_id,Program-issued farm/property identifier,string,required,,system lookup,each record,farm data steward,farm master record,must exist in farm table,program-confidential,M01
water_quality_sample.reporting_period_id,water_quality_sample,reporting_period_id,Linked program reporting period,string,required,,system lookup,each record,farm data steward,reporting-period record,must exist in reporting_period table,program-confidential,
water_quality_sample.evidence_ids,water_quality_sample,evidence_ids,Pipe-delimited evidence IDs supporting row,list,required when evidence is specified,,evidence register linkage,each record,farm data steward,evidence register,every ID must exist,program-confidential,
water_quality_sample.data_status,water_quality_sample,data_status,Status of value/record,enum,required,observed|measured|estimated|unknown|not_collected|not_applicable,,each record,submitter,record metadata,estimated requires method; unknown cannot be zero,program-confidential,
water_quality_sample.qa_status,water_quality_sample,qa_status,Review state,enum,required,submitted|automated_check_passed|reviewed|verified|rejected,,each review,reviewer,review log,verified only by authorized reviewer,program-confidential,
water_quality_sample.water_quality_sample_id,water_quality_sample,water_quality_sample_id,Unique sample/result ID,string,required,,approved field/laboratory method,risk-based/protocol,trained sampler/laboratory,chain of custody and lab/field result,method/unit/QA required; rejected excluded,program-confidential,M12|M15
water_quality_sample.water_source_id,water_quality_sample,water_source_id,Linked source/site,string,required,,approved field/laboratory method,risk-based/protocol,trained sampler/laboratory,chain of custody and lab/field result,method/unit/QA required; rejected excluded,program-confidential,M12|M15
water_quality_sample.sample_datetime,water_quality_sample,sample_datetime,Sampling timestamp,datetime,required,ISO 8601,approved field/laboratory method,risk-based/protocol,trained sampler/laboratory,chain of custody and lab/field result,method/unit/QA required; rejected excluded,program-confidential,M12|M15
water_quality_sample.site_position,water_quality_sample,site_position,Relative monitoring position,enum,required,upstream|downstream|onsite|reference|other,approved field/laboratory method,risk-based/protocol,trained sampler/laboratory,chain of custody and lab/field result,method/unit/QA required; rejected excluded,program-confidential,M12|M15
water_quality_sample.parameter,water_quality_sample,parameter,Measured parameter/analyte,text,required,approved parameter list,approved field/laboratory method,risk-based/protocol,trained sampler/laboratory,chain of custody and lab/field result,method/unit/QA required; rejected excluded,program-confidential,M12|M15
water_quality_sample.result_value,water_quality_sample,result_value,Reported result,decimal,required,parameter-specific,approved field/laboratory method,risk-based/protocol,trained sampler/laboratory,chain of custody and lab/field result,method/unit/QA required; rejected excluded,program-confidential,M12|M15
water_quality_sample.result_unit,water_quality_sample,result_unit,Reported unit,text,required,approved unit for parameter,approved field/laboratory method,risk-based/protocol,trained sampler/laboratory,chain of custody and lab/field result,method/unit/QA required; rejected excluded,program-confidential,M12|M15
water_quality_sample.method_or_lab,water_quality_sample,method_or_lab,Method and laboratory/provider,text,required,,approved field/laboratory method,risk-based/protocol,trained sampler/laboratory,chain of custody and lab/field result,method/unit/QA required; rejected excluded,program-confidential,M12|M15
water_quality_sample.detection_limit,water_quality_sample,detection_limit,Analytical detection limit,decimal,required when laboratory result,same as result unit,approved field/laboratory method,risk-based/protocol,trained sampler/laboratory,chain of custody and lab/field result,method/unit/QA required; rejected excluded,program-confidential,M12|M15
water_quality_sample.qa_flag,water_quality_sample,qa_flag,Laboratory/field QA flag,enum,required,pass|estimated|below_detection|rejected,approved field/laboratory method,risk-based/protocol,trained sampler/laboratory,chain of custody and lab/field result,method/unit/QA required; rejected excluded,program-confidential,M12|M15
water_quality_sample.threshold_or_reference,water_quality_sample,threshold_or_reference,Applicable threshold/reference value,decimal,required when interpreted,same as result unit,approved field/laboratory method,risk-based/protocol,trained sampler/laboratory,chain of custody and lab/field result,method/unit/QA required; rejected excluded,program-confidential,M12|M15
water_quality_sample.exceedance_flag,water_quality_sample,exceedance_flag,Whether approved threshold/reference exceeded,boolean,required,true|false,approved field/laboratory method,risk-based/protocol,trained sampler/laboratory,chain of custody and lab/field result,method/unit/QA required; rejected excluded,program-confidential,M12|M15
habitat_condition_observation.record_id,habitat_condition_observation,record_id,Immutable unique row identifier,string,required,,system assigned,at creation,data system,system record,unique; immutable,program-confidential,
habitat_condition_observation.farm_id,habitat_condition_observation,farm_id,Program-issued farm/property identifier,string,required,,system lookup,each record,farm data steward,farm master record,must exist in farm table,program-confidential,M01
habitat_condition_observation.reporting_period_id,habitat_condition_observation,reporting_period_id,Linked program reporting period,string,required,,system lookup,each record,farm data steward,reporting-period record,must exist in reporting_period table,program-confidential,
habitat_condition_observation.evidence_ids,habitat_condition_observation,evidence_ids,Pipe-delimited evidence IDs supporting row,list,required when evidence is specified,,evidence register linkage,each record,farm data steward,evidence register,every ID must exist,program-confidential,
habitat_condition_observation.data_status,habitat_condition_observation,data_status,Status of value/record,enum,required,observed|measured|estimated|unknown|not_collected|not_applicable,,each record,submitter,record metadata,estimated requires method; unknown cannot be zero,program-confidential,
habitat_condition_observation.qa_status,habitat_condition_observation,qa_status,Review state,enum,required,submitted|automated_check_passed|reviewed|verified|rejected,,each review,reviewer,review log,verified only by authorized reviewer,program-confidential,
habitat_condition_observation.condition_observation_id,habitat_condition_observation,condition_observation_id,Unique habitat plot/site observation,string,required,,approved habitat field/remote method,2-3 yearly/event,trained assessor/ecologist,"raw observations, geotagged photos, method record",stable site/method; raw value retained; score reproducible,restricted ecological,M08|M09|M13
habitat_condition_observation.habitat_polygon_id,habitat_condition_observation,habitat_polygon_id,Linked habitat polygon,string,required,,approved habitat field/remote method,2-3 yearly/event,trained assessor/ecologist,"raw observations, geotagged photos, method record",stable site/method; raw value retained; score reproducible,restricted ecological,M08|M09|M13
habitat_condition_observation.geometry_id,habitat_condition_observation,geometry_id,Stable plot/sample location ID,string,required,,approved habitat field/remote method,2-3 yearly/event,trained assessor/ecologist,"raw observations, geotagged photos, method record",stable site/method; raw value retained; score reproducible,restricted ecological,M08|M09|M13
habitat_condition_observation.observation_date,habitat_condition_observation,observation_date,Observation date,date,required,YYYY-MM-DD,approved habitat field/remote method,2-3 yearly/event,trained assessor/ecologist,"raw observations, geotagged photos, method record",stable site/method; raw value retained; score reproducible,restricted ecological,M08|M09|M13
habitat_condition_observation.method_version,habitat_condition_observation,method_version,Approved biome-specific method/version,string,required,,approved habitat field/remote method,2-3 yearly/event,trained assessor/ecologist,"raw observations, geotagged photos, method record",stable site/method; raw value retained; score reproducible,restricted ecological,M08|M09|M13
habitat_condition_observation.indicator_name,habitat_condition_observation,indicator_name,Raw condition indicator,text,required,approved indicator list,approved habitat field/remote method,2-3 yearly/event,trained assessor/ecologist,"raw observations, geotagged photos, method record",stable site/method; raw value retained; score reproducible,restricted ecological,M08|M09|M13
habitat_condition_observation.indicator_value,habitat_condition_observation,indicator_value,Observed indicator result,decimal,required,indicator-specific,approved habitat field/remote method,2-3 yearly/event,trained assessor/ecologist,"raw observations, geotagged photos, method record",stable site/method; raw value retained; score reproducible,restricted ecological,M08|M09|M13
habitat_condition_observation.indicator_unit,habitat_condition_observation,indicator_unit,Indicator unit,text,required,approved unit,approved habitat field/remote method,2-3 yearly/event,trained assessor/ecologist,"raw observations, geotagged photos, method record",stable site/method; raw value retained; score reproducible,restricted ecological,M08|M09|M13
habitat_condition_observation.sampling_effort,habitat_condition_observation,sampling_effort,Plots/transect/time/area represented,decimal,required,method-specific,approved habitat field/remote method,2-3 yearly/event,trained assessor/ecologist,"raw observations, geotagged photos, method record",stable site/method; raw value retained; score reproducible,restricted ecological,M08|M09|M13
habitat_condition_observation.reference_value,habitat_condition_observation,reference_value,Approved reference value where used,decimal,required when scoring,same as indicator,approved habitat field/remote method,2-3 yearly/event,trained assessor/ecologist,"raw observations, geotagged photos, method record",stable site/method; raw value retained; score reproducible,restricted ecological,M08|M09|M13
habitat_condition_observation.condition_score,habitat_condition_observation,condition_score,Derived condition score,decimal,required when approved method applies,0-100,approved habitat field/remote method,2-3 yearly/event,trained assessor/ecologist,"raw observations, geotagged photos, method record",stable site/method; raw value retained; score reproducible,restricted ecological,M08|M09|M13
habitat_condition_observation.disturbance_flags,habitat_condition_observation,disturbance_flags,Observed degradation/disturbance flags,list,required,fire|grazing|logging|erosion|invasive|none|other,approved habitat field/remote method,2-3 yearly/event,trained assessor/ecologist,"raw observations, geotagged photos, method record",stable site/method; raw value retained; score reproducible,restricted ecological,M08|M09|M13
restoration_observation.record_id,restoration_observation,record_id,Immutable unique row identifier,string,required,,system assigned,at creation,data system,system record,unique; immutable,program-confidential,
restoration_observation.farm_id,restoration_observation,farm_id,Program-issued farm/property identifier,string,required,,system lookup,each record,farm data steward,farm master record,must exist in farm table,program-confidential,M01
restoration_observation.reporting_period_id,restoration_observation,reporting_period_id,Linked program reporting period,string,required,,system lookup,each record,farm data steward,reporting-period record,must exist in reporting_period table,program-confidential,
restoration_observation.evidence_ids,restoration_observation,evidence_ids,Pipe-delimited evidence IDs supporting row,list,required when evidence is specified,,evidence register linkage,each record,farm data steward,evidence register,every ID must exist,program-confidential,
restoration_observation.data_status,restoration_observation,data_status,Status of value/record,enum,required,observed|measured|estimated|unknown|not_collected|not_applicable,,each record,submitter,record metadata,estimated requires method; unknown cannot be zero,program-confidential,
restoration_observation.qa_status,restoration_observation,qa_status,Review state,enum,required,submitted|automated_check_passed|reviewed|verified|rejected,,each review,reviewer,review log,verified only by authorized reviewer,program-confidential,
restoration_observation.restoration_observation_id,restoration_observation,restoration_observation_id,Unique restoration action/monitoring record,string,required,,work record and approved monitoring,event/annual/2-3 yearly,farm data steward,"work record, plot data, photos/GIS",surviving <= sampled; area <= polygon; reversal linked to incident,restricted ecological,M09|M13
restoration_observation.habitat_polygon_id,restoration_observation,habitat_polygon_id,Linked restoration polygon,string,required,,work record and approved monitoring,event/annual/2-3 yearly,farm data steward,"work record, plot data, photos/GIS",surviving <= sampled; area <= polygon; reversal linked to incident,restricted ecological,M09|M13
restoration_observation.observation_date,restoration_observation,observation_date,Action/monitoring date,date,required,YYYY-MM-DD,work record and approved monitoring,event/annual/2-3 yearly,farm data steward,"work record, plot data, photos/GIS",surviving <= sampled; area <= polygon; reversal linked to incident,restricted ecological,M09|M13
restoration_observation.record_type,restoration_observation,record_type,Restoration record type,enum,required,intervention|maintenance|monitoring|reversal,work record and approved monitoring,event/annual/2-3 yearly,farm data steward,"work record, plot data, photos/GIS",surviving <= sampled; area <= polygon; reversal linked to incident,restricted ecological,M09|M13
restoration_observation.intervention_method,restoration_observation,intervention_method,Restoration intervention method,text,required for intervention,,work record and approved monitoring,event/annual/2-3 yearly,farm data steward,"work record, plot data, photos/GIS",surviving <= sampled; area <= polygon; reversal linked to incident,restricted ecological,M09|M13
restoration_observation.intervention_area_ha,restoration_observation,intervention_area_ha,Area treated in intervention,decimal,required for intervention,ha,work record and approved monitoring,event/annual/2-3 yearly,farm data steward,"work record, plot data, photos/GIS",surviving <= sampled; area <= polygon; reversal linked to incident,restricted ecological,M09|M13
restoration_observation.establishment_year,restoration_observation,establishment_year,Restoration establishment year,integer,required,YYYY,work record and approved monitoring,event/annual/2-3 yearly,farm data steward,"work record, plot data, photos/GIS",surviving <= sampled; area <= polygon; reversal linked to incident,restricted ecological,M09|M13
restoration_observation.sampled_individuals_count,restoration_observation,sampled_individuals_count,Individuals assessed for survival,integer,required when survival measured,count,work record and approved monitoring,event/annual/2-3 yearly,farm data steward,"work record, plot data, photos/GIS",surviving <= sampled; area <= polygon; reversal linked to incident,restricted ecological,M09|M13
restoration_observation.surviving_individuals_count,restoration_observation,surviving_individuals_count,Individuals surviving/established,integer,required when survival measured,count,work record and approved monitoring,event/annual/2-3 yearly,farm data steward,"work record, plot data, photos/GIS",surviving <= sampled; area <= polygon; reversal linked to incident,restricted ecological,M09|M13
restoration_observation.native_cover_percent,restoration_observation,native_cover_percent,Observed native vegetation cover,decimal,required when protocol requires,percent,work record and approved monitoring,event/annual/2-3 yearly,farm data steward,"work record, plot data, photos/GIS",surviving <= sampled; area <= polygon; reversal linked to incident,restricted ecological,M09|M13
restoration_observation.native_species_richness,restoration_observation,native_species_richness,Observed native species richness,integer,required when protocol requires,count,work record and approved monitoring,event/annual/2-3 yearly,farm data steward,"work record, plot data, photos/GIS",surviving <= sampled; area <= polygon; reversal linked to incident,restricted ecological,M09|M13
restoration_observation.reversal_area_ha,restoration_observation,reversal_area_ha,Area reversed/lost,decimal,required for reversal,ha,work record and approved monitoring,event/annual/2-3 yearly,farm data steward,"work record, plot data, photos/GIS",surviving <= sampled; area <= polygon; reversal linked to incident,restricted ecological,M09|M13
invasive_species_observation.record_id,invasive_species_observation,record_id,Immutable unique row identifier,string,required,,system assigned,at creation,data system,system record,unique; immutable,program-confidential,
invasive_species_observation.farm_id,invasive_species_observation,farm_id,Program-issued farm/property identifier,string,required,,system lookup,each record,farm data steward,farm master record,must exist in farm table,program-confidential,M01
invasive_species_observation.reporting_period_id,invasive_species_observation,reporting_period_id,Linked program reporting period,string,required,,system lookup,each record,farm data steward,reporting-period record,must exist in reporting_period table,program-confidential,
invasive_species_observation.evidence_ids,invasive_species_observation,evidence_ids,Pipe-delimited evidence IDs supporting row,list,required when evidence is specified,,evidence register linkage,each record,farm data steward,evidence register,every ID must exist,program-confidential,
invasive_species_observation.data_status,invasive_species_observation,data_status,Status of value/record,enum,required,observed|measured|estimated|unknown|not_collected|not_applicable,,each record,submitter,record metadata,estimated requires method; unknown cannot be zero,program-confidential,
invasive_species_observation.qa_status,invasive_species_observation,qa_status,Review state,enum,required,submitted|automated_check_passed|reviewed|verified|rejected,,each review,reviewer,review log,verified only by authorized reviewer,program-confidential,
invasive_species_observation.invasive_observation_id,invasive_species_observation,invasive_observation_id,Unique invasive-species record,string,required,,approved mapping/control monitoring,annual/event,trained assessor/manager,"map, field observation, treatment record",area <= polygon; efficacy method documented; non-target harm escalated,restricted ecological,M18
invasive_species_observation.habitat_polygon_id,invasive_species_observation,habitat_polygon_id,Linked habitat polygon,string,required,,approved mapping/control monitoring,annual/event,trained assessor/manager,"map, field observation, treatment record",area <= polygon; efficacy method documented; non-target harm escalated,restricted ecological,M18
invasive_species_observation.observation_date,invasive_species_observation,observation_date,Observation/treatment date,date,required,YYYY-MM-DD,approved mapping/control monitoring,annual/event,trained assessor/manager,"map, field observation, treatment record",area <= polygon; efficacy method documented; non-target harm escalated,restricted ecological,M18
invasive_species_observation.species_name,invasive_species_observation,species_name,Invasive species scientific/approved name,text,required,,approved mapping/control monitoring,annual/event,trained assessor/manager,"map, field observation, treatment record",area <= polygon; efficacy method documented; non-target harm escalated,restricted ecological,M18
invasive_species_observation.method_version,invasive_species_observation,method_version,Mapping/assessment method,text,required,,approved mapping/control monitoring,annual/event,trained assessor/manager,"map, field observation, treatment record",area <= polygon; efficacy method documented; non-target harm escalated,restricted ecological,M18
invasive_species_observation.occupied_area_ha,invasive_species_observation,occupied_area_ha,Estimated occupied area,decimal,required,ha,approved mapping/control monitoring,annual/event,trained assessor/manager,"map, field observation, treatment record",area <= polygon; efficacy method documented; non-target harm escalated,restricted ecological,M18
invasive_species_observation.cover_or_density,invasive_species_observation,cover_or_density,Observed cover/density,decimal,required,method-specific,approved mapping/control monitoring,annual/event,trained assessor/manager,"map, field observation, treatment record",area <= polygon; efficacy method documented; non-target harm escalated,restricted ecological,M18
invasive_species_observation.record_type,invasive_species_observation,record_type,Record type,enum,required,baseline|treatment|follow_up,approved mapping/control monitoring,annual/event,trained assessor/manager,"map, field observation, treatment record",area <= polygon; efficacy method documented; non-target harm escalated,restricted ecological,M18
invasive_species_observation.treatment_method,invasive_species_observation,treatment_method,Control method,text,required when treatment,,approved mapping/control monitoring,annual/event,trained assessor/manager,"map, field observation, treatment record",area <= polygon; efficacy method documented; non-target harm escalated,restricted ecological,M18
invasive_species_observation.non_target_harm_flag,invasive_species_observation,non_target_harm_flag,Observed non-target harm,boolean,required when treatment/follow_up,true|false,approved mapping/control monitoring,annual/event,trained assessor/manager,"map, field observation, treatment record",area <= polygon; efficacy method documented; non-target harm escalated,restricted ecological,M18
invasive_species_observation.efficacy_percent,invasive_species_observation,efficacy_percent,Change/control efficacy from approved comparison,decimal,required for follow_up,percent,approved mapping/control monitoring,annual/event,trained assessor/manager,"map, field observation, treatment record",area <= polygon; efficacy method documented; non-target harm escalated,restricted ecological,M18
biological_survey_event.record_id,biological_survey_event,record_id,Immutable unique row identifier,string,required,,system assigned,at creation,data system,system record,unique; immutable,program-confidential,
biological_survey_event.farm_id,biological_survey_event,farm_id,Program-issued farm/property identifier,string,required,,system lookup,each record,farm data steward,farm master record,must exist in farm table,program-confidential,M01
biological_survey_event.reporting_period_id,biological_survey_event,reporting_period_id,Linked program reporting period,string,required,,system lookup,each record,farm data steward,reporting-period record,must exist in reporting_period table,program-confidential,
biological_survey_event.evidence_ids,biological_survey_event,evidence_ids,Pipe-delimited evidence IDs supporting row,list,required when evidence is specified,,evidence register linkage,each record,farm data steward,evidence register,every ID must exist,program-confidential,
biological_survey_event.data_status,biological_survey_event,data_status,Status of value/record,enum,required,observed|measured|estimated|unknown|not_collected|not_applicable,,each record,submitter,record metadata,estimated requires method; unknown cannot be zero,program-confidential,
biological_survey_event.qa_status,biological_survey_event,qa_status,Review state,enum,required,submitted|automated_check_passed|reviewed|verified|rejected,,each review,reviewer,review log,verified only by authorized reviewer,program-confidential,
biological_survey_event.survey_event_id,biological_survey_event,survey_event_id,Unique standardized biological survey event,string,required,,approved repeated biological survey,pilot/leadership protocol,trained surveyor/ecologist,"raw survey sheet, media/sample, validation",effort/conditions and zero detections retained; rejected excluded,restricted ecological,M16|M17
biological_survey_event.geometry_id,biological_survey_event,geometry_id,Survey point/transect/plot geometry ID,string,required,,approved repeated biological survey,pilot/leadership protocol,trained surveyor/ecologist,"raw survey sheet, media/sample, validation",effort/conditions and zero detections retained; rejected excluded,restricted ecological,M16|M17
biological_survey_event.survey_target,biological_survey_event,survey_target,Target taxon/functional group,text,required,,approved repeated biological survey,pilot/leadership protocol,trained surveyor/ecologist,"raw survey sheet, media/sample, validation",effort/conditions and zero detections retained; rejected excluded,restricted ecological,M16|M17
biological_survey_event.method_version,biological_survey_event,method_version,Approved survey method/version,string,required,,approved repeated biological survey,pilot/leadership protocol,trained surveyor/ecologist,"raw survey sheet, media/sample, validation",effort/conditions and zero detections retained; rejected excluded,restricted ecological,M16|M17
biological_survey_event.survey_start_datetime,biological_survey_event,survey_start_datetime,Survey start timestamp,datetime,required,ISO 8601,approved repeated biological survey,pilot/leadership protocol,trained surveyor/ecologist,"raw survey sheet, media/sample, validation",effort/conditions and zero detections retained; rejected excluded,restricted ecological,M16|M17
biological_survey_event.effort_value,biological_survey_event,effort_value,Survey effort,decimal,required,method-specific,approved repeated biological survey,pilot/leadership protocol,trained surveyor/ecologist,"raw survey sheet, media/sample, validation",effort/conditions and zero detections retained; rejected excluded,restricted ecological,M16|M17
biological_survey_event.effort_unit,biological_survey_event,effort_unit,Survey effort unit,text,required,minutes|trap_nights|transect_km|samples|other,approved repeated biological survey,pilot/leadership protocol,trained surveyor/ecologist,"raw survey sheet, media/sample, validation",effort/conditions and zero detections retained; rejected excluded,restricted ecological,M16|M17
biological_survey_event.weather_or_site_conditions,biological_survey_event,weather_or_site_conditions,Relevant detection/site conditions,text,required,,approved repeated biological survey,pilot/leadership protocol,trained surveyor/ecologist,"raw survey sheet, media/sample, validation",effort/conditions and zero detections retained; rejected excluded,restricted ecological,M16|M17
biological_survey_event.taxon_scientific_name,biological_survey_event,taxon_scientific_name,Observed target taxon or no-detection code,text,required,,approved repeated biological survey,pilot/leadership protocol,trained surveyor/ecologist,"raw survey sheet, media/sample, validation",effort/conditions and zero detections retained; rejected excluded,restricted ecological,M16|M17
biological_survey_event.detection_count,biological_survey_event,detection_count,Raw detections/count,integer,required,count; zero is valid protocol non-detection,approved repeated biological survey,pilot/leadership protocol,trained surveyor/ecologist,"raw survey sheet, media/sample, validation",effort/conditions and zero detections retained; rejected excluded,restricted ecological,M16|M17
biological_survey_event.independent_validation_status,biological_survey_event,independent_validation_status,Expert/automated identification validation,enum,required,validated|pending|rejected,approved repeated biological survey,pilot/leadership protocol,trained surveyor/ecologist,"raw survey sheet, media/sample, validation",effort/conditions and zero detections retained; rejected excluded,restricted ecological,M16|M17
evidence_register.record_id,evidence_register,record_id,Immutable unique row identifier,string,required,,system assigned,at creation,data system,system record,unique; immutable,program-confidential,
evidence_register.farm_id,evidence_register,farm_id,Program-issued farm/property identifier,string,required,,system lookup,each record,farm data steward,farm master record,must exist in farm table,program-confidential,M01
evidence_register.evidence_ids,evidence_register,evidence_ids,Pipe-delimited evidence IDs supporting row,list,required when evidence is specified,,evidence register linkage,each record,farm data steward,evidence register,every ID must exist,program-confidential,
evidence_register.data_status,evidence_register,data_status,Status of value/record,enum,required,observed|measured|estimated|unknown|not_collected|not_applicable,,each record,submitter,record metadata,estimated requires method; unknown cannot be zero,program-confidential,
evidence_register.qa_status,evidence_register,qa_status,Review state,enum,required,submitted|automated_check_passed|reviewed|verified|rejected,,each review,reviewer,review log,verified only by authorized reviewer,program-confidential,
evidence_register.evidence_id,evidence_register,evidence_id,Unique evidence item ID,string,required,,evidence upload/register,each evidence item,farm data steward/reviewer,the evidence item itself,hash/URI unique; accepted by authorized reviewer,program-confidential,M01|M02|M03|M04|M05|M06|M07|M08|M09|M10|M11|M12|M13|M14|M15|M16|M17|M18
evidence_register.evidence_type,evidence_register,evidence_type,Evidence category,enum,required,official_record|permit|invoice|log|photo|imagery|geometry|lab_result|survey_record|attestation|other,evidence upload/register,each evidence item,farm data steward/reviewer,the evidence item itself,hash/URI unique; accepted by authorized reviewer,program-confidential,M01|M02|M03|M04|M05|M06|M07|M08|M09|M10|M11|M12|M13|M14|M15|M16|M17|M18
evidence_register.evidence_date,evidence_register,evidence_date,Evidence creation/observation date,date,required,YYYY-MM-DD,evidence upload/register,each evidence item,farm data steward/reviewer,the evidence item itself,hash/URI unique; accepted by authorized reviewer,program-confidential,M01|M02|M03|M04|M05|M06|M07|M08|M09|M10|M11|M12|M13|M14|M15|M16|M17|M18
evidence_register.coverage_description,evidence_register,coverage_description,What farm/period/record the evidence supports,text,required,,evidence upload/register,each evidence item,farm data steward/reviewer,the evidence item itself,hash/URI unique; accepted by authorized reviewer,program-confidential,M01|M02|M03|M04|M05|M06|M07|M08|M09|M10|M11|M12|M13|M14|M15|M16|M17|M18
evidence_register.file_uri,evidence_register,file_uri,Immutable evidence link/path,uri,required,,evidence upload/register,each evidence item,farm data steward/reviewer,the evidence item itself,hash/URI unique; accepted by authorized reviewer,program-confidential,M01|M02|M03|M04|M05|M06|M07|M08|M09|M10|M11|M12|M13|M14|M15|M16|M17|M18
evidence_register.file_hash,evidence_register,file_hash,Cryptographic file hash,string,required,SHA-256 preferred,evidence upload/register,each evidence item,farm data steward/reviewer,the evidence item itself,hash/URI unique; accepted by authorized reviewer,program-confidential,M01|M02|M03|M04|M05|M06|M07|M08|M09|M10|M11|M12|M13|M14|M15|M16|M17|M18
evidence_register.owner_or_issuer,evidence_register,owner_or_issuer,Evidence owner/issuer,text,required,,evidence upload/register,each evidence item,farm data steward/reviewer,the evidence item itself,hash/URI unique; accepted by authorized reviewer,program-confidential,M01|M02|M03|M04|M05|M06|M07|M08|M09|M10|M11|M12|M13|M14|M15|M16|M17|M18
evidence_register.access_class,evidence_register,access_class,Access classification,enum,required,public|program_confidential|restricted_personal_rights|restricted_ecological,evidence upload/register,each evidence item,farm data steward/reviewer,the evidence item itself,hash/URI unique; accepted by authorized reviewer,program-confidential,M01|M02|M03|M04|M05|M06|M07|M08|M09|M10|M11|M12|M13|M14|M15|M16|M17|M18
evidence_register.review_status,evidence_register,review_status,Evidence review state,enum,required,submitted|accepted|rejected|expired,evidence upload/register,each evidence item,farm data steward/reviewer,the evidence item itself,hash/URI unique; accepted by authorized reviewer,program-confidential,M01|M02|M03|M04|M05|M06|M07|M08|M09|M10|M11|M12|M13|M14|M15|M16|M17|M18
evidence_register.expiry_date,evidence_register,expiry_date,Evidence expiry date,date,required when expiring,YYYY-MM-DD,evidence upload/register,each evidence item,farm data steward/reviewer,the evidence item itself,hash/URI unique; accepted by authorized reviewer,program-confidential,M01|M02|M03|M04|M05|M06|M07|M08|M09|M10|M11|M12|M13|M14|M15|M16|M17|M18
assurance_finding.record_id,assurance_finding,record_id,Immutable unique row identifier,string,required,,system assigned,at creation,data system,system record,unique; immutable,program-confidential,
assurance_finding.farm_id,assurance_finding,farm_id,Program-issued farm/property identifier,string,required,,system lookup,each record,farm data steward,farm master record,must exist in farm table,program-confidential,M01
assurance_finding.reporting_period_id,assurance_finding,reporting_period_id,Linked program reporting period,string,required,,system lookup,each record,farm data steward,reporting-period record,must exist in reporting_period table,program-confidential,
assurance_finding.evidence_ids,assurance_finding,evidence_ids,Pipe-delimited evidence IDs supporting row,list,required when evidence is specified,,evidence register linkage,each record,farm data steward,evidence register,every ID must exist,program-confidential,
assurance_finding.data_status,assurance_finding,data_status,Status of value/record,enum,required,observed|measured|estimated|unknown|not_collected|not_applicable,,each record,submitter,record metadata,estimated requires method; unknown cannot be zero,program-confidential,
assurance_finding.qa_status,assurance_finding,qa_status,Review state,enum,required,submitted|automated_check_passed|reviewed|verified|rejected,,each review,reviewer,review log,verified only by authorized reviewer,program-confidential,
assurance_finding.finding_id,assurance_finding,finding_id,Unique assurance finding ID,string,required,,assurance review/audit,assurance schedule/event,assurance provider,audit workpaper/finding record,provider independent; closure verified,program-confidential,M01|M02|M03|M04|M05|M06|M07|M08|M09|M10|M11|M12|M13|M14|M15|M16|M17|M18
assurance_finding.audit_date,assurance_finding,audit_date,Audit/review date,date,required,YYYY-MM-DD,assurance review/audit,assurance schedule/event,assurance provider,audit workpaper/finding record,provider independent; closure verified,program-confidential,M01|M02|M03|M04|M05|M06|M07|M08|M09|M10|M11|M12|M13|M14|M15|M16|M17|M18
assurance_finding.assurance_provider,assurance_finding,assurance_provider,Independent provider/reviewer,text,required,,assurance review/audit,assurance schedule/event,assurance provider,audit workpaper/finding record,provider independent; closure verified,program-confidential,M01|M02|M03|M04|M05|M06|M07|M08|M09|M10|M11|M12|M13|M14|M15|M16|M17|M18
assurance_finding.metric_ids,assurance_finding,metric_ids,Metrics affected,list,required,M01-M18,assurance review/audit,assurance schedule/event,assurance provider,audit workpaper/finding record,provider independent; closure verified,program-confidential,M01|M02|M03|M04|M05|M06|M07|M08|M09|M10|M11|M12|M13|M14|M15|M16|M17|M18
assurance_finding.finding_type,assurance_finding,finding_type,Finding classification,enum,required,observation|minor_nonconformity|major_nonconformity|critical_nonconformity,assurance review/audit,assurance schedule/event,assurance provider,audit workpaper/finding record,provider independent; closure verified,program-confidential,M01|M02|M03|M04|M05|M06|M07|M08|M09|M10|M11|M12|M13|M14|M15|M16|M17|M18
assurance_finding.finding_summary,assurance_finding,finding_summary,Non-sensitive finding summary,text,required,,assurance review/audit,assurance schedule/event,assurance provider,audit workpaper/finding record,provider independent; closure verified,program-confidential,M01|M02|M03|M04|M05|M06|M07|M08|M09|M10|M11|M12|M13|M14|M15|M16|M17|M18
assurance_finding.corrective_action_due_date,assurance_finding,corrective_action_due_date,Due date,date,required for nonconformity,YYYY-MM-DD,assurance review/audit,assurance schedule/event,assurance provider,audit workpaper/finding record,provider independent; closure verified,program-confidential,M01|M02|M03|M04|M05|M06|M07|M08|M09|M10|M11|M12|M13|M14|M15|M16|M17|M18
assurance_finding.corrective_action_status,assurance_finding,corrective_action_status,Action status,enum,required,not_required|open|implemented|verified_closed,assurance review/audit,assurance schedule/event,assurance provider,audit workpaper/finding record,provider independent; closure verified,program-confidential,M01|M02|M03|M04|M05|M06|M07|M08|M09|M10|M11|M12|M13|M14|M15|M16|M17|M18
assurance_finding.closure_date,assurance_finding,closure_date,Verified closure date,date,required when verified_closed,YYYY-MM-DD,assurance review/audit,assurance schedule/event,assurance provider,audit workpaper/finding record,provider independent; closure verified,program-confidential,M01|M02|M03|M04|M05|M06|M07|M08|M09|M10|M11|M12|M13|M14|M15|M16|M17|M18
habitat_management_action.record_id,habitat_management_action,record_id,Immutable unique row identifier,string,required,,system assigned,at creation,data system,system record,unique; immutable,program-confidential,
habitat_management_action.farm_id,habitat_management_action,farm_id,Program-issued farm/property identifier,string,required,,system lookup,each record,farm data steward,farm master record,must exist in farm table,program-confidential,M01
habitat_management_action.reporting_period_id,habitat_management_action,reporting_period_id,Linked program reporting period,string,required,,system lookup,each record,farm data steward,reporting-period record,must exist in reporting_period table,program-confidential,
habitat_management_action.evidence_ids,habitat_management_action,evidence_ids,Pipe-delimited evidence IDs supporting row,list,required when evidence is specified,,evidence register linkage,each record,farm data steward,evidence register,every ID must exist,program-confidential,
habitat_management_action.data_status,habitat_management_action,data_status,Status of value/record,enum,required,observed|measured|estimated|unknown|not_collected|not_applicable,,each record,submitter,record metadata,estimated requires method; unknown cannot be zero,program-confidential,
habitat_management_action.qa_status,habitat_management_action,qa_status,Review state,enum,required,submitted|automated_check_passed|reviewed|verified|rejected,,each review,reviewer,review log,verified only by authorized reviewer,program-confidential,
habitat_management_action.management_action_id,habitat_management_action,management_action_id,Unique habitat management action ID,string,required,,habitat management plan/action record,annual/event,farm data steward,"plan, work record, photo/field verification",dates/status consistent; verified requires evidence,restricted ecological,M08|M09|M13|M18
habitat_management_action.habitat_polygon_id,habitat_management_action,habitat_polygon_id,Linked habitat polygon,string,required,,habitat management plan/action record,annual/event,farm data steward,"plan, work record, photo/field verification",dates/status consistent; verified requires evidence,restricted ecological,M08|M09|M13|M18
habitat_management_action.action_type,habitat_management_action,action_type,Approved action category,text,required,approved plan action list,habitat management plan/action record,annual/event,farm data steward,"plan, work record, photo/field verification",dates/status consistent; verified requires evidence,restricted ecological,M08|M09|M13|M18
habitat_management_action.action_description,habitat_management_action,action_description,Specific planned action,text,required,,habitat management plan/action record,annual/event,farm data steward,"plan, work record, photo/field verification",dates/status consistent; verified requires evidence,restricted ecological,M08|M09|M13|M18
habitat_management_action.due_date,habitat_management_action,due_date,Action due date,date,required,YYYY-MM-DD,habitat management plan/action record,annual/event,farm data steward,"plan, work record, photo/field verification",dates/status consistent; verified requires evidence,restricted ecological,M08|M09|M13|M18
habitat_management_action.completion_date,habitat_management_action,completion_date,Verified completion date,date,required when completed,YYYY-MM-DD,habitat management plan/action record,annual/event,farm data steward,"plan, work record, photo/field verification",dates/status consistent; verified requires evidence,restricted ecological,M08|M09|M13|M18
habitat_management_action.action_status,habitat_management_action,action_status,Action status,enum,required,planned|in_progress|completed|verified|overdue|cancelled,habitat management plan/action record,annual/event,farm data steward,"plan, work record, photo/field verification",dates/status consistent; verified requires evidence,restricted ecological,M08|M09|M13|M18
habitat_management_action.verification_method,habitat_management_action,verification_method,How completion was verified,text,required when completed/verified,,habitat management plan/action record,annual/event,farm data steward,"plan, work record, photo/field verification",dates/status consistent; verified requires evidence,restricted ecological,M08|M09|M13|M18
habitat_management_action.cancel_or_delay_reason,habitat_management_action,cancel_or_delay_reason,Approved reason for cancellation/delay,text,required when cancelled/overdue,,habitat management plan/action record,annual/event,farm data steward,"plan, work record, photo/field verification",dates/status consistent; verified requires evidence,restricted ecological,M08|M09|M13|M18
agrochemical_inventory_transaction.record_id,agrochemical_inventory_transaction,record_id,Immutable unique row identifier,string,required,,system assigned,at creation,data system,system record,unique; immutable,program-confidential,
agrochemical_inventory_transaction.farm_id,agrochemical_inventory_transaction,farm_id,Program-issued farm/property identifier,string,required,,system lookup,each record,farm data steward,farm master record,must exist in farm table,program-confidential,M01
agrochemical_inventory_transaction.reporting_period_id,agrochemical_inventory_transaction,reporting_period_id,Linked program reporting period,string,required,,system lookup,each record,farm data steward,reporting-period record,must exist in reporting_period table,program-confidential,
agrochemical_inventory_transaction.evidence_ids,agrochemical_inventory_transaction,evidence_ids,Pipe-delimited evidence IDs supporting row,list,required when evidence is specified,,evidence register linkage,each record,farm data steward,evidence register,every ID must exist,program-confidential,
agrochemical_inventory_transaction.data_status,agrochemical_inventory_transaction,data_status,Status of value/record,enum,required,observed|measured|estimated|unknown|not_collected|not_applicable,,each record,submitter,record metadata,estimated requires method; unknown cannot be zero,program-confidential,
agrochemical_inventory_transaction.qa_status,agrochemical_inventory_transaction,qa_status,Review state,enum,required,submitted|automated_check_passed|reviewed|verified|rejected,,each review,reviewer,review log,verified only by authorized reviewer,program-confidential,
agrochemical_inventory_transaction.inventory_transaction_id,agrochemical_inventory_transaction,inventory_transaction_id,Unique product inventory transaction ID,string,required,,invoice/inventory/application/disposal record,each transaction,farm data steward,"invoice, inventory ledger, disposal/transfer record",positive quantity; registration/list check; application link where used,program-confidential,M06|M10
agrochemical_inventory_transaction.transaction_date,agrochemical_inventory_transaction,transaction_date,Transaction date,date,required,YYYY-MM-DD,invoice/inventory/application/disposal record,each transaction,farm data steward,"invoice, inventory ledger, disposal/transfer record",positive quantity; registration/list check; application link where used,program-confidential,M06|M10
agrochemical_inventory_transaction.transaction_type,agrochemical_inventory_transaction,transaction_type,Inventory movement type,enum,required,purchase|opening_stock|transfer_in|application_use|transfer_out|disposal|closing_stock|adjustment,invoice/inventory/application/disposal record,each transaction,farm data steward,"invoice, inventory ledger, disposal/transfer record",positive quantity; registration/list check; application link where used,program-confidential,M06|M10
agrochemical_inventory_transaction.product_trade_name,agrochemical_inventory_transaction,product_trade_name,Product trade name,text,required,,invoice/inventory/application/disposal record,each transaction,farm data steward,"invoice, inventory ledger, disposal/transfer record",positive quantity; registration/list check; application link where used,program-confidential,M06|M10
agrochemical_inventory_transaction.registration_number,agrochemical_inventory_transaction,registration_number,Current product registration number,string,required,,invoice/inventory/application/disposal record,each transaction,farm data steward,"invoice, inventory ledger, disposal/transfer record",positive quantity; registration/list check; application link where used,program-confidential,M06|M10
agrochemical_inventory_transaction.quantity,agrochemical_inventory_transaction,quantity,Transaction quantity,decimal,required,L or kg; unit in quantity_unit,invoice/inventory/application/disposal record,each transaction,farm data steward,"invoice, inventory ledger, disposal/transfer record",positive quantity; registration/list check; application link where used,program-confidential,M06|M10
agrochemical_inventory_transaction.quantity_unit,agrochemical_inventory_transaction,quantity_unit,Quantity unit,enum,required,L|kg,invoice/inventory/application/disposal record,each transaction,farm data steward,"invoice, inventory ledger, disposal/transfer record",positive quantity; registration/list check; application link where used,program-confidential,M06|M10
agrochemical_inventory_transaction.counterparty_or_destination,agrochemical_inventory_transaction,counterparty_or_destination,"Supplier, recipient, or disposal destination",text,required when purchase/transfer/disposal,,invoice/inventory/application/disposal record,each transaction,farm data steward,"invoice, inventory ledger, disposal/transfer record",positive quantity; registration/list check; application link where used,program-confidential,M06|M10
agrochemical_inventory_transaction.application_id,agrochemical_inventory_transaction,application_id,Linked application event,string,required when application_use,,invoice/inventory/application/disposal record,each transaction,farm data steward,"invoice, inventory ledger, disposal/transfer record",positive quantity; registration/list check; application link where used,program-confidential,M06|M10
agrochemical_inventory_transaction.adjustment_reason,agrochemical_inventory_transaction,adjustment_reason,Reason for inventory adjustment,text,required when adjustment,,invoice/inventory/application/disposal record,each transaction,farm data steward,"invoice, inventory ledger, disposal/transfer record",positive quantity; registration/list check; application link where used,program-confidential,M06|M10
